# RD50 NIEL damage weights, dumped from rd50_niel.root
# pdg,ekin[MeV],weight
2112,1.025000e-10,1.575000e-02
2112,1.075000e-10,1.537000e-02
2112,1.125000e-10,1.503000e-02
2112,1.175000e-10,1.470000e-02
2112,1.238000e-10,1.432000e-02
2112,1.313000e-10,1.391000e-02
2112,1.388000e-10,1.353000e-02
2112,1.463000e-10,1.317000e-02
2112,1.550000e-10,1.280000e-02
2112,1.650000e-10,1.242000e-02
2112,1.750000e-10,1.206000e-02
2112,1.850000e-10,1.172000e-02
2112,1.950000e-10,1.142000e-02
2112,2.050000e-10,1.113000e-02
2112,2.150000e-10,1.087000e-02
2112,2.250000e-10,1.063000e-02
2112,2.350000e-10,1.039000e-02
2112,2.475000e-10,1.013000e-02
2112,2.625000e-10,9.834000e-03
2112,2.750000e-10,9.609000e-03
2112,2.900000e-10,9.356000e-03
2112,3.100000e-10,9.048000e-03
2112,3.300000e-10,8.770000e-03
2112,3.500000e-10,8.516000e-03
2112,3.700000e-10,8.290000e-03
2112,3.900000e-10,8.075000e-03
2112,4.125000e-10,7.847000e-03
2112,4.375000e-10,7.622000e-03
2112,4.625000e-10,7.410000e-03
2112,4.875000e-10,7.219000e-03
2112,5.125000e-10,7.039000e-03
2112,5.375000e-10,6.875000e-03
2112,5.625000e-10,6.718000e-03
2112,5.875000e-10,6.575000e-03
2112,6.150000e-10,6.425000e-03
2112,6.450000e-10,6.274000e-03
2112,6.750000e-10,6.134000e-03
2112,7.050000e-10,6.002000e-03
2112,7.400000e-10,5.864000e-03
2112,7.800000e-10,5.709000e-03
2112,8.200000e-10,5.567000e-03
2112,8.600000e-10,5.438000e-03
2112,9.000000e-10,5.312000e-03
2112,9.400000e-10,5.200000e-03
2112,9.800000e-10,5.091000e-03
2112,1.025000e-09,4.978000e-03
2112,1.075000e-09,4.861000e-03
2112,1.125000e-09,4.751000e-03
2112,1.175000e-09,4.649000e-03
2112,1.238000e-09,4.530000e-03
2112,1.313000e-09,4.398000e-03
2112,1.388000e-09,4.278000e-03
2112,1.463000e-09,4.171000e-03
2112,1.550000e-09,4.049000e-03
2112,1.650000e-09,3.925000e-03
2112,1.750000e-09,3.810000e-03
2112,1.850000e-09,3.706000e-03
2112,1.950000e-09,3.609000e-03
2112,2.050000e-09,3.520000e-03
2112,2.150000e-09,3.437000e-03
2112,2.250000e-09,3.360000e-03
2112,2.350000e-09,3.287000e-03
2112,2.475000e-09,3.203000e-03
2112,2.625000e-09,3.110000e-03
2112,2.750000e-09,3.039000e-03
2112,2.900000e-09,2.962000e-03
2112,3.100000e-09,2.864000e-03
2112,3.300000e-09,2.776000e-03
2112,3.500000e-09,2.695000e-03
2112,3.700000e-09,2.621000e-03
2112,3.900000e-09,2.552000e-03
2112,4.125000e-09,2.482000e-03
2112,4.375000e-09,2.409000e-03
2112,4.625000e-09,2.344000e-03
2112,4.875000e-09,2.283000e-03
2112,5.125000e-09,2.226000e-03
2112,5.375000e-09,2.174000e-03
2112,5.625000e-09,2.125000e-03
2112,5.875000e-09,2.082000e-03
2112,6.150000e-09,2.034000e-03
2112,6.450000e-09,1.985000e-03
2112,6.750000e-09,1.941000e-03
2112,7.050000e-09,1.898000e-03
2112,7.400000e-09,1.853000e-03
2112,7.800000e-09,1.805000e-03
2112,8.200000e-09,1.760000e-03
2112,8.600000e-09,1.718000e-03
2112,9.000000e-09,1.680000e-03
2112,9.400000e-09,1.644000e-03
2112,9.800000e-09,1.610000e-03
2112,1.025000e-08,1.574000e-03
2112,1.075000e-08,1.537000e-03
2112,1.125000e-08,1.503000e-03
2112,1.175000e-08,1.472000e-03
2112,1.238000e-08,1.433000e-03
2112,1.313000e-08,1.392000e-03
2112,1.388000e-08,1.353000e-03
2112,1.463000e-08,1.318000e-03
2112,1.550000e-08,1.280000e-03
2112,1.650000e-08,1.241000e-03
2112,1.750000e-08,1.204000e-03
2112,1.850000e-08,1.172000e-03
2112,1.950000e-08,1.141000e-03
2112,2.050000e-08,1.113000e-03
2112,2.150000e-08,1.087000e-03
2112,2.250000e-08,1.062000e-03
2112,2.350000e-08,1.040000e-03
2112,2.475000e-08,1.013000e-03
2112,2.625000e-08,9.841000e-04
2112,2.750000e-08,9.619000e-04
2112,2.900000e-08,9.359000e-04
2112,3.100000e-08,9.058000e-04
2112,3.300000e-08,8.773000e-04
2112,3.500000e-08,8.523000e-04
2112,3.700000e-08,8.285000e-04
2112,3.900000e-08,8.073000e-04
2112,4.125000e-08,7.847000e-04
2112,4.375000e-08,7.619000e-04
2112,4.625000e-08,7.410000e-04
2112,4.875000e-08,7.215000e-04
2112,5.125000e-08,7.036000e-04
2112,5.375000e-08,6.871000e-04
2112,5.625000e-08,6.716000e-04
2112,5.875000e-08,6.578000e-04
2112,6.150000e-08,6.428000e-04
2112,6.450000e-08,6.273000e-04
2112,6.750000e-08,6.136000e-04
2112,7.050000e-08,6.001000e-04
2112,7.400000e-08,5.861000e-04
2112,7.800000e-08,5.707000e-04
2112,8.200000e-08,5.567000e-04
2112,8.600000e-08,5.434000e-04
2112,9.000000e-08,5.313000e-04
2112,9.400000e-08,5.197000e-04
2112,9.800000e-08,5.090000e-04
2112,1.025000e-07,4.976000e-04
2112,1.075000e-07,4.864000e-04
2112,1.125000e-07,4.753000e-04
2112,1.175000e-07,4.646000e-04
2112,1.238000e-07,4.531000e-04
2112,1.313000e-07,4.397000e-04
2112,1.388000e-07,4.279000e-04
2112,1.463000e-07,4.166000e-04
2112,1.550000e-07,4.049000e-04
2112,1.650000e-07,3.924000e-04
2112,1.750000e-07,3.810000e-04
2112,1.850000e-07,3.705000e-04
2112,1.950000e-07,3.607000e-04
2112,2.050000e-07,3.518000e-04
2112,2.150000e-07,3.437000e-04
2112,2.250000e-07,3.362000e-04
2112,2.350000e-07,3.286000e-04
2112,2.475000e-07,3.204000e-04
2112,2.625000e-07,3.111000e-04
2112,2.750000e-07,3.039000e-04
2112,2.900000e-07,2.962000e-04
2112,3.100000e-07,2.865000e-04
2112,3.300000e-07,2.775000e-04
2112,3.500000e-07,2.695000e-04
2112,3.700000e-07,2.620000e-04
2112,3.900000e-07,2.551000e-04
2112,4.125000e-07,2.483000e-04
2112,4.375000e-07,2.410000e-04
2112,4.625000e-07,2.343000e-04
2112,4.875000e-07,2.284000e-04
2112,5.125000e-07,2.226000e-04
2112,5.375000e-07,2.176000e-04
2112,5.625000e-07,2.128000e-04
2112,5.875000e-07,2.082000e-04
2112,6.150000e-07,2.034000e-04
2112,6.450000e-07,1.985000e-04
2112,6.750000e-07,1.941000e-04
2112,7.050000e-07,1.898000e-04
2112,7.400000e-07,1.852000e-04
2112,7.800000e-07,1.805000e-04
2112,8.200000e-07,1.762000e-04
2112,8.600000e-07,1.718000e-04
2112,9.000000e-07,1.679000e-04
2112,9.400000e-07,1.645000e-04
2112,9.800000e-07,1.610000e-04
2112,1.025000e-06,1.575000e-04
2112,1.075000e-06,1.542000e-04
2112,1.125000e-06,1.508000e-04
2112,1.175000e-06,1.474000e-04
2112,1.238000e-06,1.434000e-04
2112,1.313000e-06,1.393000e-04
2112,1.388000e-06,1.356000e-04
2112,1.463000e-06,1.318000e-04
2112,1.550000e-06,1.281000e-04
2112,1.650000e-06,1.242000e-04
2112,1.750000e-06,1.204000e-04
2112,1.850000e-06,1.172000e-04
2112,1.950000e-06,1.141000e-04
2112,2.050000e-06,1.114000e-04
2112,2.150000e-06,1.090000e-04
2112,2.250000e-06,1.066000e-04
2112,2.350000e-06,1.042000e-04
2112,2.475000e-06,1.013000e-04
2112,2.625000e-06,9.853000e-05
2112,2.750000e-06,9.627000e-05
2112,2.900000e-06,9.360000e-05
2112,3.100000e-06,9.056000e-05
2112,3.300000e-06,8.776000e-05
2112,3.500000e-06,8.513000e-05
2112,3.700000e-06,8.287000e-05
2112,3.900000e-06,8.065000e-05
2112,4.125000e-06,7.860000e-05
2112,4.375000e-06,7.644000e-05
2112,4.625000e-06,7.428000e-05
2112,4.875000e-06,7.217000e-05
2112,5.125000e-06,7.045000e-05
2112,5.375000e-06,6.885000e-05
2112,5.625000e-06,6.725000e-05
2112,5.875000e-06,6.569000e-05
2112,6.150000e-06,6.427000e-05
2112,6.450000e-06,6.278000e-05
2112,6.750000e-06,6.129000e-05
2112,7.050000e-06,5.998000e-05
2112,7.400000e-06,5.858000e-05
2112,7.800000e-06,5.701000e-05
2112,8.200000e-06,5.572000e-05
2112,8.600000e-06,5.450000e-05
2112,9.000000e-06,5.327000e-05
2112,9.400000e-06,5.205000e-05
2112,9.800000e-06,5.087000e-05
2112,1.025000e-05,4.981000e-05
2112,1.075000e-05,4.868000e-05
2112,1.125000e-05,4.754000e-05
2112,1.175000e-05,4.644000e-05
2112,1.238000e-05,4.531000e-05
2112,1.313000e-05,4.399000e-05
2112,1.388000e-05,4.274000e-05
2112,1.463000e-05,4.167000e-05
2112,1.550000e-05,4.045000e-05
2112,1.650000e-05,3.929000e-05
2112,1.750000e-05,3.821000e-05
2112,1.850000e-05,3.712000e-05
2112,1.950000e-05,3.607000e-05
2112,2.050000e-05,3.522000e-05
2112,2.150000e-05,3.442000e-05
2112,2.250000e-05,3.361000e-05
2112,2.350000e-05,3.284000e-05
2112,2.475000e-05,3.204000e-05
2112,2.625000e-05,3.110000e-05
2112,2.750000e-05,3.035000e-05
2112,2.900000e-05,2.959000e-05
2112,3.100000e-05,2.860000e-05
2112,3.300000e-05,2.778000e-05
2112,3.500000e-05,2.702000e-05
2112,3.700000e-05,2.625000e-05
2112,3.900000e-05,2.550000e-05
2112,4.125000e-05,2.483000e-05
2112,4.375000e-05,2.412000e-05
2112,4.625000e-05,2.342000e-05
2112,4.875000e-05,2.282000e-05
2112,5.125000e-05,2.227000e-05
2112,5.375000e-05,2.172000e-05
2112,5.625000e-05,2.123000e-05
2112,5.875000e-05,2.079000e-05
2112,6.150000e-05,2.030000e-05
2112,6.450000e-05,1.985000e-05
2112,6.750000e-05,1.944000e-05
2112,7.050000e-05,1.904000e-05
2112,7.400000e-05,1.856000e-05
2112,7.800000e-05,1.803000e-05
2112,8.200000e-05,1.761000e-05
2112,8.600000e-05,1.721000e-05
2112,9.000000e-05,1.681000e-05
2112,9.400000e-05,1.642000e-05
2112,9.800000e-05,1.610000e-05
2112,1.025000e-04,1.575000e-05
2112,1.075000e-04,1.536000e-05
2112,1.125000e-04,1.502000e-05
2112,1.175000e-04,1.470000e-05
2112,1.238000e-04,1.432000e-05
2112,1.313000e-04,1.393000e-05
2112,1.388000e-04,1.357000e-05
2112,1.463000e-04,1.321000e-05
2112,1.550000e-04,1.714000e-05
2112,1.650000e-04,6.792000e-05
2112,1.750000e-04,1.315000e-04
2112,1.850000e-04,1.938000e-04
2112,1.950000e-04,2.250000e-04
2112,2.050000e-04,2.433000e-04
2112,2.150000e-04,2.614000e-04
2112,2.250000e-04,2.754000e-04
2112,2.350000e-04,2.867000e-04
2112,2.475000e-04,3.007000e-04
2112,2.625000e-04,3.177000e-04
2112,2.750000e-04,3.318000e-04
2112,2.900000e-04,3.486000e-04
2112,3.100000e-04,3.712000e-04
2112,3.300000e-04,3.937000e-04
2112,3.500000e-04,4.163000e-04
2112,3.700000e-04,4.388000e-04
2112,3.900000e-04,4.613000e-04
2112,4.125000e-04,4.865000e-04
2112,4.375000e-04,5.146000e-04
2112,4.625000e-04,5.426000e-04
2112,4.875000e-04,5.706000e-04
2112,5.125000e-04,5.985000e-04
2112,5.375000e-04,6.264000e-04
2112,5.625000e-04,6.543000e-04
2112,5.875000e-04,6.822000e-04
2112,6.150000e-04,7.128000e-04
2112,6.450000e-04,7.462000e-04
2112,6.750000e-04,7.795000e-04
2112,7.050000e-04,8.128000e-04
2112,7.400000e-04,8.515000e-04
2112,7.800000e-04,8.957000e-04
2112,8.200000e-04,9.399000e-04
2112,8.600000e-04,9.840000e-04
2112,9.000000e-04,1.028000e-03
2112,9.400000e-04,1.072000e-03
2112,9.800000e-04,1.116000e-03
2112,1.025000e-03,1.165000e-03
2112,1.075000e-03,1.220000e-03
2112,1.125000e-03,1.274000e-03
2112,1.175000e-03,1.329000e-03
2112,1.238000e-03,1.397000e-03
2112,1.313000e-03,1.478000e-03
2112,1.388000e-03,1.559000e-03
2112,1.463000e-03,1.640000e-03
2112,1.550000e-03,1.734000e-03
2112,1.650000e-03,1.842000e-03
2112,1.750000e-03,1.949000e-03
2112,1.850000e-03,2.056000e-03
2112,1.950000e-03,2.162000e-03
2112,2.050000e-03,2.269000e-03
2112,2.150000e-03,2.382000e-03
2112,2.250000e-03,4.405000e-03
2112,2.350000e-03,2.589000e-03
2112,2.475000e-03,2.717000e-03
2112,2.625000e-03,2.874000e-03
2112,2.750000e-03,3.004000e-03
2112,2.900000e-03,3.159000e-03
2112,3.100000e-03,3.366000e-03
2112,3.300000e-03,3.573000e-03
2112,3.500000e-03,3.778000e-03
2112,3.700000e-03,3.982000e-03
2112,3.900000e-03,4.186000e-03
2112,4.125000e-03,4.413000e-03
2112,4.375000e-03,4.666000e-03
2112,4.625000e-03,4.917000e-03
2112,4.875000e-03,5.492000e-03
2112,5.125000e-03,5.419000e-03
2112,5.375000e-03,5.662000e-03
2112,5.625000e-03,5.907000e-03
2112,5.875000e-03,6.151000e-03
2112,6.150000e-03,6.418000e-03
2112,6.450000e-03,6.710000e-03
2112,6.750000e-03,6.999000e-03
2112,7.050000e-03,7.285000e-03
2112,7.400000e-03,7.618000e-03
2112,7.800000e-03,7.998000e-03
2112,8.200000e-03,8.372000e-03
2112,8.600000e-03,8.745000e-03
2112,9.000000e-03,9.115000e-03
2112,9.400000e-03,9.477000e-03
2112,9.800000e-03,9.838000e-03
2112,1.025000e-02,1.024000e-02
2112,1.075000e-02,1.069000e-02
2112,1.125000e-02,1.115000e-02
2112,1.175000e-02,1.159000e-02
2112,1.238000e-02,1.213000e-02
2112,1.313000e-02,1.277000e-02
2112,1.388000e-02,1.340000e-02
2112,1.463000e-02,1.403000e-02
2112,1.550000e-02,1.557000e-02
2112,1.650000e-02,1.554000e-02
2112,1.750000e-02,1.634000e-02
2112,1.850000e-02,1.710000e-02
2112,1.950000e-02,1.782000e-02
2112,2.050000e-02,1.854000e-02
2112,2.150000e-02,1.926000e-02
2112,2.250000e-02,1.998000e-02
2112,2.350000e-02,2.069000e-02
2112,2.475000e-02,2.150000e-02
2112,2.625000e-02,2.245000e-02
2112,2.750000e-02,2.317000e-02
2112,2.900000e-02,2.400000e-02
2112,3.100000e-02,2.509000e-02
2112,3.300000e-02,2.599000e-02
2112,3.500000e-02,2.675000e-02
2112,3.700000e-02,2.743000e-02
2112,3.900000e-02,3.247000e-02
2112,4.125000e-02,2.792000e-02
2112,4.375000e-02,2.739000e-02
2112,4.625000e-02,2.598000e-02
2112,4.875000e-02,2.288000e-02
2112,5.125000e-02,1.626000e-02
2112,5.375000e-02,1.485000e-02
2112,5.625000e-02,5.078000e-01
2112,5.875000e-02,1.145000e-01
2112,6.150000e-02,7.793000e-02
2112,6.450000e-02,6.706000e-02
2112,6.750000e-02,6.455000e-02
2112,7.050000e-02,5.988000e-02
2112,7.400000e-02,5.797000e-02
2112,7.800000e-02,5.636000e-02
2112,8.200000e-02,5.494000e-02
2112,8.600000e-02,5.374000e-02
2112,9.000000e-02,5.188000e-02
2112,9.400000e-02,4.992000e-02
2112,9.800000e-02,4.790000e-02
2112,1.025000e-01,4.526000e-02
2112,1.075000e-01,4.162000e-02
2112,1.125000e-01,3.764000e-02
2112,1.175000e-01,3.297000e-02
2112,1.238000e-01,2.645000e-02
2112,1.313000e-01,1.826000e-02
2112,1.388000e-01,1.121000e-02
2112,1.463000e-01,1.090000e-02
2112,1.550000e-01,4.848000e-02
2112,1.650000e-01,2.173000e-01
2112,1.750000e-01,6.987000e-01
2112,1.850000e-01,1.196000e+00
2112,1.950000e-01,1.162000e+00
2112,2.050000e-01,9.710000e-01
2112,2.150000e-01,8.288000e-01
2112,2.250000e-01,7.334000e-01
2112,2.350000e-01,6.709000e-01
2112,2.475000e-01,6.172000e-01
2112,2.625000e-01,5.768000e-01
2112,2.750000e-01,5.547000e-01
2112,2.900000e-01,5.393000e-01
2112,3.100000e-01,5.237000e-01
2112,3.300000e-01,5.198000e-01
2112,3.500000e-01,5.097000e-01
2112,3.700000e-01,5.036000e-01
2112,3.900000e-01,5.320000e-01
2112,4.125000e-01,5.403000e-01
2112,4.375000e-01,5.451000e-01
2112,4.625000e-01,5.581000e-01
2112,4.875000e-01,5.740000e-01
2112,5.125000e-01,5.987000e-01
2112,5.375000e-01,7.554000e-01
2112,5.625000e-01,1.280000e+00
2112,5.875000e-01,5.997000e-01
2112,6.150000e-01,5.425000e-01
2112,6.450000e-01,5.536000e-01
2112,6.750000e-01,5.786000e-01
2112,7.050000e-01,6.019000e-01
2112,7.400000e-01,6.724000e-01
2112,7.800000e-01,9.209000e-01
2112,8.200000e-01,1.459000e+00
2112,8.600000e-01,8.318000e-01
2112,9.000000e-01,9.434000e-01
2112,9.400000e-01,1.172000e+00
2112,9.800000e-01,1.174000e+00
2112,1.050000e+00,8.020000e-01
2112,1.150000e+00,6.578000e-01
2112,1.250000e+00,9.680000e-01
2112,1.350000e+00,9.410000e-01
2112,1.450000e+00,1.079000e+00
2112,1.550000e+00,1.128000e+00
2112,1.650000e+00,1.766000e+00
2112,1.750000e+00,8.366000e-01
2112,1.850000e+00,1.411000e+00
2112,1.950000e+00,1.393000e+00
2112,2.050000e+00,1.022000e+00
2112,2.150000e+00,1.159000e+00
2112,2.250000e+00,1.126000e+00
2112,2.350000e+00,1.106000e+00
2112,2.450000e+00,1.267000e+00
2112,2.550000e+00,1.384000e+00
2112,2.650000e+00,1.238000e+00
2112,2.750000e+00,1.153000e+00
2112,2.850000e+00,1.437000e+00
2112,2.950000e+00,1.061000e+00
2112,3.050000e+00,1.278000e+00
2112,3.150000e+00,1.427000e+00
2112,3.250000e+00,1.281000e+00
2112,3.350000e+00,1.217000e+00
2112,3.450000e+00,1.259000e+00
2112,3.550000e+00,1.213000e+00
2112,3.650000e+00,7.506000e-01
2112,3.750000e+00,1.235000e+00
2112,3.850000e+00,1.187000e+00
2112,3.950000e+00,1.452000e+00
2112,4.050000e+00,1.431000e+00
2112,4.150000e+00,1.147000e+00
2112,4.250000e+00,1.782000e+00
2112,4.350000e+00,1.442000e+00
2112,4.450000e+00,1.509000e+00
2112,4.550000e+00,1.498000e+00
2112,4.650000e+00,1.673000e+00
2112,4.750000e+00,2.003000e+00
2112,4.850000e+00,1.717000e+00
2112,4.950000e+00,1.579000e+00
2112,5.050000e+00,1.612000e+00
2112,5.150000e+00,1.831000e+00
2112,5.250000e+00,1.605000e+00
2112,5.350000e+00,1.336000e+00
2112,5.450000e+00,1.277000e+00
2112,5.550000e+00,1.567000e+00
2112,5.650000e+00,1.616000e+00
2112,5.750000e+00,1.929000e+00
2112,5.850000e+00,1.794000e+00
2112,5.950000e+00,1.468000e+00
2112,6.050000e+00,1.666000e+00
2112,6.150000e+00,1.364000e+00
2112,6.250000e+00,1.900000e+00
2112,6.350000e+00,1.641000e+00
2112,6.450000e+00,1.514000e+00
2112,6.550000e+00,1.314000e+00
2112,6.650000e+00,1.611000e+00
2112,6.750000e+00,1.778000e+00
2112,6.850000e+00,1.577000e+00
2112,6.950000e+00,1.521000e+00
2112,7.050000e+00,1.770000e+00
2112,7.150000e+00,1.470000e+00
2112,7.250000e+00,1.803000e+00
2112,7.350000e+00,1.818000e+00
2112,7.450000e+00,1.793000e+00
2112,7.550000e+00,1.757000e+00
2112,7.650000e+00,1.794000e+00
2112,7.750000e+00,1.866000e+00
2112,7.850000e+00,1.861000e+00
2112,7.950000e+00,1.992000e+00
2112,8.050000e+00,1.806000e+00
2112,8.150000e+00,1.663000e+00
2112,8.250000e+00,1.743000e+00
2112,8.350000e+00,1.768000e+00
2112,8.450000e+00,1.782000e+00
2112,8.550000e+00,1.771000e+00
2112,8.650000e+00,1.769000e+00
2112,8.750000e+00,1.589000e+00
2112,8.850000e+00,1.685000e+00
2112,8.950000e+00,1.871000e+00
2112,9.050000e+00,1.876000e+00
2112,9.150000e+00,1.686000e+00
2112,9.250000e+00,1.619000e+00
2112,9.350000e+00,1.751000e+00
2112,9.450000e+00,1.824000e+00
2112,9.550000e+00,1.767000e+00
2112,9.650000e+00,1.669000e+00
2112,9.750000e+00,1.707000e+00
2112,9.850000e+00,1.754000e+00
2112,9.950000e+00,1.780000e+00
2112,1.005000e+01,1.760000e+00
2112,1.015000e+01,1.782000e+00
2112,1.025000e+01,1.764000e+00
2112,1.035000e+01,1.772000e+00
2112,1.045000e+01,1.709000e+00
2112,1.055000e+01,1.696000e+00
2112,1.065000e+01,1.674000e+00
2112,1.075000e+01,1.726000e+00
2112,1.085000e+01,1.765000e+00
2112,1.095000e+01,1.765000e+00
2112,1.105000e+01,1.736000e+00
2112,1.115000e+01,1.680000e+00
2112,1.125000e+01,1.692000e+00
2112,1.135000e+01,1.735000e+00
2112,1.145000e+01,1.765000e+00
2112,1.155000e+01,1.778000e+00
2112,1.165000e+01,1.767000e+00
2112,1.175000e+01,1.751000e+00
2112,1.185000e+01,1.754000e+00
2112,1.195000e+01,1.767000e+00
2112,1.205000e+01,1.784000e+00
2112,1.215000e+01,1.812000e+00
2112,1.225000e+01,1.816000e+00
2112,1.235000e+01,1.822000e+00
2112,1.245000e+01,1.791000e+00
2112,1.255000e+01,1.757000e+00
2112,1.265000e+01,1.837000e+00
2112,1.275000e+01,1.856000e+00
2112,1.285000e+01,1.850000e+00
2112,1.295000e+01,1.853000e+00
2112,1.305000e+01,1.862000e+00
2112,1.315000e+01,1.828000e+00
2112,1.325000e+01,1.793000e+00
2112,1.335000e+01,1.806000e+00
2112,1.345000e+01,1.839000e+00
2112,1.355000e+01,1.802000e+00
2112,1.365000e+01,1.780000e+00
2112,1.375000e+01,1.804000e+00
2112,1.385000e+01,1.870000e+00
2112,1.395000e+01,1.808000e+00
2112,1.405000e+01,1.787000e+00
2112,1.415000e+01,1.817000e+00
2112,1.425000e+01,1.830000e+00
2112,1.435000e+01,1.843000e+00
2112,1.445000e+01,1.845000e+00
2112,1.455000e+01,1.791000e+00
2112,1.465000e+01,1.765000e+00
2112,1.475000e+01,1.774000e+00
2112,1.485000e+01,1.808000e+00
2112,1.495000e+01,1.813000e+00
2112,1.505000e+01,1.773000e+00
2112,1.515000e+01,1.801000e+00
2112,1.525000e+01,1.842000e+00
2112,1.535000e+01,1.841000e+00
2112,1.545000e+01,1.828000e+00
2112,1.555000e+01,1.808000e+00
2112,1.565000e+01,1.806000e+00
2112,1.575000e+01,1.817000e+00
2112,1.585000e+01,1.858000e+00
2112,1.595000e+01,1.891000e+00
2112,1.605000e+01,1.899000e+00
2112,1.615000e+01,1.899000e+00
2112,1.625000e+01,1.893000e+00
2112,1.635000e+01,1.880000e+00
2112,1.645000e+01,1.869000e+00
2112,1.655000e+01,1.918000e+00
2112,1.665000e+01,1.970000e+00
2112,1.675000e+01,1.952000e+00
2112,1.685000e+01,1.929000e+00
2112,1.695000e+01,1.935000e+00
2112,1.705000e+01,1.940000e+00
2112,1.715000e+01,1.937000e+00
2112,1.725000e+01,1.934000e+00
2112,1.735000e+01,1.935000e+00
2112,1.745000e+01,1.932000e+00
2112,1.755000e+01,1.917000e+00
2112,1.765000e+01,1.906000e+00
2112,1.775000e+01,1.914000e+00
2112,1.785000e+01,1.926000e+00
2112,1.795000e+01,1.951000e+00
2112,1.805000e+01,1.974000e+00
2112,1.815000e+01,1.965000e+00
2112,1.825000e+01,1.950000e+00
2112,1.835000e+01,1.938000e+00
2112,1.845000e+01,1.926000e+00
2112,1.855000e+01,1.945000e+00
2112,1.865000e+01,1.986000e+00
2112,1.875000e+01,2.008000e+00
2112,1.885000e+01,1.999000e+00
2112,1.895000e+01,1.989000e+00
2112,1.905000e+01,1.974000e+00
2112,1.915000e+01,1.960000e+00
2112,1.925000e+01,1.955000e+00
2112,1.935000e+01,1.953000e+00
2112,1.945000e+01,1.953000e+00
2112,1.955000e+01,1.955000e+00
2112,1.965000e+01,1.958000e+00
2112,1.975000e+01,1.963000e+00
2112,1.985000e+01,1.969000e+00
2112,1.995000e+01,1.975000e+00
2112,2.000000e+01,2.071000e+00
2112,2.500000e+01,2.049000e+00
2112,3.000000e+01,2.041000e+00
2112,4.000000e+01,2.012000e+00
2112,5.000000e+01,1.805000e+00
2112,6.000000e+01,1.644000e+00
2112,7.000000e+01,1.499000e+00
2112,8.000000e+01,1.378000e+00
2112,9.000000e+01,1.264000e+00
2112,1.000000e+02,1.168000e+00
2112,1.300000e+02,9.740000e-01
2112,1.600000e+02,8.650000e-01
2112,2.000000e+02,7.910000e-01
2112,2.500000e+02,7.330000e-01
2112,3.000000e+02,6.960000e-01
2112,3.500000e+02,6.930000e-01
2112,4.000000e+02,6.850000e-01
2112,4.500000e+02,6.850000e-01
2112,5.000000e+02,6.810000e-01
2112,6.000000e+02,6.790000e-01
2112,7.000000e+02,6.770000e-01
2112,8.000000e+02,6.720000e-01
2112,8.050000e+02,6.004000e-01
2112,8.150000e+02,5.980000e-01
2112,8.250000e+02,5.959000e-01
2112,8.350000e+02,5.942000e-01
2112,8.450000e+02,5.932000e-01
2112,8.550000e+02,5.922000e-01
2112,8.650000e+02,5.912000e-01
2112,8.750000e+02,5.902000e-01
2112,8.850000e+02,5.892000e-01
2112,8.950000e+02,5.883000e-01
2112,9.050000e+02,5.873000e-01
2112,9.150000e+02,5.863000e-01
2112,9.250000e+02,5.854000e-01
2112,9.350000e+02,5.845000e-01
2112,9.450000e+02,5.836000e-01
2112,9.550000e+02,5.828000e-01
2112,9.650000e+02,5.819000e-01
2112,9.750000e+02,5.810000e-01
2112,9.850000e+02,5.801000e-01
2112,9.950000e+02,5.793000e-01
2112,1.005000e+03,5.784000e-01
2112,1.015000e+03,5.773000e-01
2112,1.025000e+03,5.763000e-01
2112,1.035000e+03,5.752000e-01
2112,1.045000e+03,5.741000e-01
2112,1.055000e+03,5.734000e-01
2112,1.065000e+03,5.728000e-01
2112,1.075000e+03,5.722000e-01
2112,1.085000e+03,5.716000e-01
2112,1.095000e+03,5.711000e-01
2112,1.105000e+03,5.708000e-01
2112,1.115000e+03,5.704000e-01
2112,1.125000e+03,5.701000e-01
2112,1.135000e+03,5.698000e-01
2112,1.145000e+03,5.694000e-01
2112,1.155000e+03,5.691000e-01
2112,1.165000e+03,5.688000e-01
2112,1.175000e+03,5.684000e-01
2112,1.185000e+03,5.681000e-01
2112,1.195000e+03,5.678000e-01
2112,1.205000e+03,5.674000e-01
2112,1.215000e+03,5.671000e-01
2112,1.225000e+03,5.668000e-01
2112,1.235000e+03,5.664000e-01
2112,1.245000e+03,5.661000e-01
2112,1.255000e+03,5.658000e-01
2112,1.265000e+03,5.655000e-01
2112,1.275000e+03,5.650000e-01
2112,1.285000e+03,5.643000e-01
2112,1.295000e+03,5.636000e-01
2112,1.305000e+03,5.628000e-01
2112,1.315000e+03,5.621000e-01
2112,1.325000e+03,5.614000e-01
2112,1.335000e+03,5.607000e-01
2112,1.345000e+03,5.600000e-01
2112,1.355000e+03,5.593000e-01
2112,1.365000e+03,5.587000e-01
2112,1.375000e+03,5.581000e-01
2112,1.385000e+03,5.575000e-01
2112,1.395000e+03,5.569000e-01
2112,1.405000e+03,5.563000e-01
2112,1.415000e+03,5.557000e-01
2112,1.425000e+03,5.551000e-01
2112,1.435000e+03,5.545000e-01
2112,1.445000e+03,5.539000e-01
2112,1.455000e+03,5.533000e-01
2112,1.465000e+03,5.527000e-01
2112,1.485000e+03,5.515000e-01
2112,1.495000e+03,5.510000e-01
2112,1.505000e+03,5.504000e-01
2112,1.515000e+03,5.498000e-01
2112,1.535000e+03,5.486000e-01
2112,1.545000e+03,5.480000e-01
2112,1.555000e+03,5.474000e-01
2112,1.565000e+03,5.468000e-01
2112,1.585000e+03,5.457000e-01
2112,1.595000e+03,5.451000e-01
2112,1.605000e+03,5.445000e-01
2112,1.615000e+03,5.439000e-01
2112,1.635000e+03,5.427000e-01
2112,1.645000e+03,5.421000e-01
2112,1.655000e+03,5.416000e-01
2112,1.665000e+03,5.410000e-01
2112,1.695000e+03,5.392000e-01
2112,1.705000e+03,5.387000e-01
2112,1.715000e+03,5.381000e-01
2112,1.735000e+03,5.369000e-01
2112,1.755000e+03,5.358000e-01
2112,1.765000e+03,5.354000e-01
2112,1.785000e+03,5.345000e-01
2112,1.795000e+03,5.341000e-01
2112,1.815000e+03,5.332000e-01
2112,1.835000e+03,5.323000e-01
2112,1.845000e+03,5.319000e-01
2112,1.855000e+03,5.315000e-01
2112,1.885000e+03,5.302000e-01
2112,1.895000e+03,5.297000e-01
2112,1.905000e+03,5.293000e-01
2112,1.915000e+03,5.289000e-01
2112,1.945000e+03,5.276000e-01
2112,1.955000e+03,5.272000e-01
2112,1.965000e+03,5.267000e-01
2112,1.985000e+03,5.259000e-01
2112,2.005000e+03,5.250000e-01
2112,2.015000e+03,5.246000e-01
2112,2.035000e+03,5.237000e-01
2112,2.045000e+03,5.233000e-01
2112,2.065000e+03,5.225000e-01
2112,2.085000e+03,5.216000e-01
2112,2.095000e+03,5.212000e-01
2112,2.105000e+03,5.208000e-01
2112,2.135000e+03,5.195000e-01
2112,2.145000e+03,5.191000e-01
2112,2.155000e+03,5.187000e-01
2112,2.165000e+03,5.182000e-01
2112,2.195000e+03,5.170000e-01
2112,2.205000e+03,5.166000e-01
2112,2.215000e+03,5.161000e-01
2112,2.235000e+03,5.153000e-01
2112,2.255000e+03,5.145000e-01
2112,2.265000e+03,5.140000e-01
2112,2.285000e+03,5.137000e-01
2112,2.295000e+03,5.136000e-01
2112,2.315000e+03,5.134000e-01
2112,2.335000e+03,5.132000e-01
2112,2.345000e+03,5.131000e-01
2112,2.355000e+03,5.130000e-01
2112,2.385000e+03,5.126000e-01
2112,2.395000e+03,5.125000e-01
2112,2.405000e+03,5.124000e-01
2112,2.415000e+03,5.123000e-01
2112,2.435000e+03,5.121000e-01
2112,2.445000e+03,5.120000e-01
2112,2.455000e+03,5.119000e-01
2112,2.465000e+03,5.118000e-01
2112,2.485000e+03,5.115000e-01
2112,2.495000e+03,5.114000e-01
2112,2.505000e+03,5.113000e-01
2112,2.515000e+03,5.112000e-01
2112,2.535000e+03,5.110000e-01
2112,2.545000e+03,5.109000e-01
2112,2.555000e+03,5.108000e-01
2112,2.565000e+03,5.107000e-01
2112,2.585000e+03,5.105000e-01
2112,2.595000e+03,5.104000e-01
2112,2.605000e+03,5.102000e-01
2112,2.615000e+03,5.101000e-01
2112,2.635000e+03,5.099000e-01
2112,2.645000e+03,5.098000e-01
2112,2.655000e+03,5.097000e-01
2112,2.665000e+03,5.096000e-01
2112,2.685000e+03,5.094000e-01
2112,2.695000e+03,5.093000e-01
2112,2.705000e+03,5.092000e-01
2112,2.715000e+03,5.091000e-01
2112,2.735000e+03,5.088000e-01
2112,2.745000e+03,5.087000e-01
2112,2.755000e+03,5.086000e-01
2112,2.765000e+03,5.085000e-01
2112,2.785000e+03,5.083000e-01
2112,2.795000e+03,5.082000e-01
2112,2.805000e+03,5.081000e-01
2112,2.815000e+03,5.080000e-01
2112,2.835000e+03,5.078000e-01
2112,2.845000e+03,5.077000e-01
2112,2.855000e+03,5.076000e-01
2112,2.865000e+03,5.074000e-01
2112,2.885000e+03,5.072000e-01
2112,2.895000e+03,5.071000e-01
2112,2.905000e+03,5.070000e-01
2112,2.915000e+03,5.069000e-01
2112,2.935000e+03,5.067000e-01
2112,2.945000e+03,5.066000e-01
2112,2.955000e+03,5.065000e-01
2112,2.965000e+03,5.064000e-01
2112,2.985000e+03,5.062000e-01
2112,2.995000e+03,5.060000e-01
2112,3.005000e+03,5.059000e-01
2112,3.015000e+03,5.058000e-01
2112,3.035000e+03,5.056000e-01
2112,3.045000e+03,5.055000e-01
2112,3.055000e+03,5.054000e-01
2112,3.065000e+03,5.053000e-01
2112,3.085000e+03,5.051000e-01
2112,3.095000e+03,5.050000e-01
2112,3.105000e+03,5.049000e-01
2112,3.115000e+03,5.048000e-01
2112,3.135000e+03,5.046000e-01
2112,3.145000e+03,5.044000e-01
2112,3.155000e+03,5.043000e-01
2112,3.165000e+03,5.042000e-01
2112,3.185000e+03,5.040000e-01
2112,3.195000e+03,5.039000e-01
2112,3.205000e+03,5.038000e-01
2112,3.215000e+03,5.037000e-01
2112,3.235000e+03,5.035000e-01
2112,3.245000e+03,5.034000e-01
2112,3.255000e+03,5.033000e-01
2112,3.265000e+03,5.032000e-01
2112,3.285000e+03,5.030000e-01
2112,3.295000e+03,5.028000e-01
2112,3.305000e+03,5.027000e-01
2112,3.315000e+03,5.026000e-01
2112,3.335000e+03,5.024000e-01
2112,3.345000e+03,5.023000e-01
2112,3.355000e+03,5.022000e-01
2112,3.365000e+03,5.021000e-01
2112,3.385000e+03,5.019000e-01
2112,3.395000e+03,5.018000e-01
2112,3.405000e+03,5.017000e-01
2112,3.415000e+03,5.016000e-01
2112,3.435000e+03,5.014000e-01
2112,3.445000e+03,5.013000e-01
2112,3.455000e+03,5.011000e-01
2112,3.465000e+03,5.010000e-01
2112,3.485000e+03,5.008000e-01
2112,3.495000e+03,5.007000e-01
2112,3.505000e+03,5.006000e-01
2112,3.515000e+03,5.005000e-01
2112,3.535000e+03,5.003000e-01
2112,3.545000e+03,5.002000e-01
2112,3.555000e+03,5.001000e-01
2112,3.565000e+03,5.000000e-01
2112,3.585000e+03,4.998000e-01
2112,3.595000e+03,4.997000e-01
2112,3.605000e+03,4.996000e-01
2112,3.615000e+03,4.995000e-01
2112,3.635000e+03,4.992000e-01
2112,3.645000e+03,4.991000e-01
2112,3.655000e+03,4.990000e-01
2112,3.665000e+03,4.989000e-01
2112,3.685000e+03,4.987000e-01
2112,3.695000e+03,4.986000e-01
2112,3.705000e+03,4.985000e-01
2112,3.715000e+03,4.984000e-01
2112,3.735000e+03,4.982000e-01
2112,3.745000e+03,4.981000e-01
2112,3.755000e+03,4.980000e-01
2112,3.765000e+03,4.979000e-01
2112,3.785000e+03,4.977000e-01
2112,3.795000e+03,4.976000e-01
2112,3.805000e+03,4.975000e-01
2112,3.815000e+03,4.974000e-01
2112,3.835000e+03,4.971000e-01
2112,3.845000e+03,4.970000e-01
2112,3.855000e+03,4.969000e-01
2112,3.865000e+03,4.968000e-01
2112,3.885000e+03,4.966000e-01
2112,3.895000e+03,4.965000e-01
2112,3.905000e+03,4.964000e-01
2112,3.915000e+03,4.963000e-01
2112,3.935000e+03,4.961000e-01
2112,3.945000e+03,4.960000e-01
2112,3.955000e+03,4.959000e-01
2112,3.965000e+03,4.958000e-01
2112,3.985000e+03,4.956000e-01
2112,3.995000e+03,4.955000e-01
2112,4.005000e+03,4.954000e-01
2112,4.015000e+03,4.953000e-01
2112,4.025000e+03,4.952000e-01
2112,4.035000e+03,4.950000e-01
2112,4.045000e+03,4.949000e-01
2112,4.055000e+03,4.948000e-01
2112,4.065000e+03,4.947000e-01
2112,4.075000e+03,4.946000e-01
2112,4.085000e+03,4.945000e-01
2112,4.095000e+03,4.944000e-01
2112,4.105000e+03,4.943000e-01
2112,4.115000e+03,4.942000e-01
2112,4.125000e+03,4.941000e-01
2112,4.135000e+03,4.940000e-01
2112,4.145000e+03,4.939000e-01
2112,4.155000e+03,4.938000e-01
2112,4.165000e+03,4.937000e-01
2112,4.175000e+03,4.936000e-01
2112,4.185000e+03,4.935000e-01
2112,4.195000e+03,4.934000e-01
2112,4.205000e+03,4.933000e-01
2112,4.215000e+03,4.932000e-01
2112,4.225000e+03,4.931000e-01
2112,4.235000e+03,4.930000e-01
2112,4.245000e+03,4.929000e-01
2112,4.255000e+03,4.928000e-01
2112,4.265000e+03,4.927000e-01
2112,4.275000e+03,4.925000e-01
2112,4.285000e+03,4.924000e-01
2112,4.295000e+03,4.923000e-01
2112,4.305000e+03,4.922000e-01
2112,4.315000e+03,4.921000e-01
2112,4.325000e+03,4.920000e-01
2112,4.335000e+03,4.919000e-01
2112,4.345000e+03,4.918000e-01
2112,4.355000e+03,4.917000e-01
2112,4.365000e+03,4.916000e-01
2112,4.375000e+03,4.915000e-01
2112,4.385000e+03,4.914000e-01
2112,4.395000e+03,4.913000e-01
2112,4.405000e+03,4.912000e-01
2112,4.415000e+03,4.911000e-01
2112,4.425000e+03,4.910000e-01
2112,4.435000e+03,4.909000e-01
2112,4.445000e+03,4.908000e-01
2112,4.455000e+03,4.907000e-01
2112,4.465000e+03,4.906000e-01
2112,4.475000e+03,4.905000e-01
2112,4.485000e+03,4.904000e-01
2112,4.495000e+03,4.903000e-01
2112,4.505000e+03,4.902000e-01
2112,4.515000e+03,4.901000e-01
2112,4.525000e+03,4.900000e-01
2112,4.535000e+03,4.899000e-01
2112,4.545000e+03,4.898000e-01
2112,4.555000e+03,4.897000e-01
2112,4.565000e+03,4.895000e-01
2112,4.575000e+03,4.894000e-01
2112,4.585000e+03,4.893000e-01
2112,4.595000e+03,4.892000e-01
2112,4.605000e+03,4.891000e-01
2112,4.615000e+03,4.890000e-01
2112,4.625000e+03,4.889000e-01
2112,4.635000e+03,4.888000e-01
2112,4.645000e+03,4.887000e-01
2112,4.655000e+03,4.886000e-01
2112,4.665000e+03,4.885000e-01
2112,4.675000e+03,4.884000e-01
2112,4.685000e+03,4.883000e-01
2112,4.695000e+03,4.882000e-01
2112,4.705000e+03,4.881000e-01
2112,4.715000e+03,4.880000e-01
2112,4.725000e+03,4.879000e-01
2112,4.735000e+03,4.878000e-01
2112,4.745000e+03,4.877000e-01
2112,4.755000e+03,4.876000e-01
2112,4.765000e+03,4.875000e-01
2112,4.775000e+03,4.874000e-01
2112,4.785000e+03,4.873000e-01
2112,4.795000e+03,4.872000e-01
2112,4.805000e+03,4.871000e-01
2112,4.815000e+03,4.870000e-01
2112,4.825000e+03,4.869000e-01
2112,4.835000e+03,4.868000e-01
2112,4.845000e+03,4.867000e-01
2112,4.855000e+03,4.866000e-01
2112,4.865000e+03,4.865000e-01
2112,4.875000e+03,4.864000e-01
2112,4.885000e+03,4.863000e-01
2112,4.895000e+03,4.862000e-01
2112,4.905000e+03,4.861000e-01
2112,4.915000e+03,4.860000e-01
2112,4.925000e+03,4.859000e-01
2112,4.935000e+03,4.858000e-01
2112,4.945000e+03,4.857000e-01
2112,4.955000e+03,4.856000e-01
2112,4.965000e+03,4.854000e-01
2112,4.975000e+03,4.853000e-01
2112,4.985000e+03,4.852000e-01
2112,4.995000e+03,4.851000e-01
2112,5.005000e+03,4.850000e-01
2112,5.015000e+03,4.849000e-01
2112,5.025000e+03,4.848000e-01
2112,5.035000e+03,4.847000e-01
2112,5.045000e+03,4.846000e-01
2112,5.055000e+03,4.845000e-01
2112,5.065000e+03,4.844000e-01
2112,5.075000e+03,4.843000e-01
2112,5.085000e+03,4.842000e-01
2112,5.095000e+03,4.841000e-01
2112,5.105000e+03,4.840000e-01
2112,5.115000e+03,4.839000e-01
2112,5.125000e+03,4.838000e-01
2112,5.135000e+03,4.837000e-01
2112,5.145000e+03,4.836000e-01
2112,5.155000e+03,4.835000e-01
2112,5.165000e+03,4.834000e-01
2112,5.175000e+03,4.833000e-01
2112,5.185000e+03,4.832000e-01
2112,5.195000e+03,4.831000e-01
2112,5.205000e+03,4.830000e-01
2112,5.215000e+03,4.829000e-01
2112,5.225000e+03,4.828000e-01
2112,5.235000e+03,4.827000e-01
2112,5.245000e+03,4.826000e-01
2112,5.255000e+03,4.825000e-01
2112,5.265000e+03,4.824000e-01
2112,5.275000e+03,4.823000e-01
2112,5.285000e+03,4.822000e-01
2112,5.295000e+03,4.821000e-01
2112,5.305000e+03,4.820000e-01
2112,5.315000e+03,4.819000e-01
2112,5.325000e+03,4.818000e-01
2112,5.335000e+03,4.817000e-01
2112,5.345000e+03,4.816000e-01
2112,5.355000e+03,4.815000e-01
2112,5.365000e+03,4.814000e-01
2112,5.375000e+03,4.813000e-01
2112,5.385000e+03,4.812000e-01
2112,5.395000e+03,4.811000e-01
2112,5.405000e+03,4.810000e-01
2112,5.415000e+03,4.809000e-01
2112,5.425000e+03,4.808000e-01
2112,5.435000e+03,4.807000e-01
2112,5.445000e+03,4.806000e-01
2112,5.455000e+03,4.805000e-01
2112,5.465000e+03,4.804000e-01
2112,5.475000e+03,4.803000e-01
2112,5.485000e+03,4.802000e-01
2112,5.495000e+03,4.801000e-01
2112,5.505000e+03,4.800000e-01
2112,5.515000e+03,4.799000e-01
2112,5.525000e+03,4.798000e-01
2112,5.535000e+03,4.797000e-01
2112,5.545000e+03,4.796000e-01
2112,5.555000e+03,4.795000e-01
2112,5.565000e+03,4.794000e-01
2112,5.575000e+03,4.793000e-01
2112,5.585000e+03,4.792000e-01
2112,5.595000e+03,4.791000e-01
2112,5.605000e+03,4.790000e-01
2112,5.615000e+03,4.789000e-01
2112,5.625000e+03,4.788000e-01
2112,5.635000e+03,4.787000e-01
2112,5.645000e+03,4.786000e-01
2112,5.655000e+03,4.785000e-01
2112,5.665000e+03,4.784000e-01
2112,5.675000e+03,4.783000e-01
2112,5.685000e+03,4.782000e-01
2112,5.695000e+03,4.781000e-01
2112,5.705000e+03,4.780000e-01
2112,5.715000e+03,4.779000e-01
2112,5.725000e+03,4.778000e-01
2112,5.735000e+03,4.777000e-01
2112,5.745000e+03,4.776000e-01
2112,5.755000e+03,4.775000e-01
2112,5.765000e+03,4.774000e-01
2112,5.775000e+03,4.773000e-01
2112,5.785000e+03,4.772000e-01
2112,5.795000e+03,4.771000e-01
2112,5.805000e+03,4.770000e-01
2112,5.815000e+03,4.769000e-01
2112,5.825000e+03,4.768000e-01
2112,5.835000e+03,4.767000e-01
2112,5.845000e+03,4.766000e-01
2112,5.855000e+03,4.765000e-01
2112,5.865000e+03,4.764000e-01
2112,5.875000e+03,4.763000e-01
2112,5.885000e+03,4.762000e-01
2112,5.895000e+03,4.761000e-01
2112,5.905000e+03,4.760000e-01
2112,5.915000e+03,4.759000e-01
2112,5.925000e+03,4.758000e-01
2112,5.935000e+03,4.757000e-01
2112,5.945000e+03,4.756000e-01
2112,5.955000e+03,4.755000e-01
2112,5.965000e+03,4.754000e-01
2112,5.975000e+03,4.753000e-01
2112,5.985000e+03,4.752000e-01
2112,5.995000e+03,4.751000e-01
2112,6.005000e+03,4.750000e-01
2112,6.015000e+03,4.749000e-01
2112,6.025000e+03,4.748000e-01
2112,6.035000e+03,4.747000e-01
2112,6.045000e+03,4.746000e-01
2112,6.055000e+03,4.745000e-01
2112,6.065000e+03,4.744000e-01
2112,6.075000e+03,4.743000e-01
2112,6.085000e+03,4.742000e-01
2112,6.095000e+03,4.741000e-01
2112,6.105000e+03,4.740000e-01
2112,6.115000e+03,4.739000e-01
2112,6.125000e+03,4.738000e-01
2112,6.135000e+03,4.737000e-01
2112,6.145000e+03,4.736000e-01
2112,6.155000e+03,4.735000e-01
2112,6.165000e+03,4.734000e-01
2112,6.175000e+03,4.733000e-01
2112,6.185000e+03,4.732000e-01
2112,6.195000e+03,4.731000e-01
2112,6.205000e+03,4.730000e-01
2112,6.215000e+03,4.729000e-01
2112,6.225000e+03,4.728000e-01
2112,6.235000e+03,4.727000e-01
2112,6.245000e+03,4.726000e-01
2112,6.255000e+03,4.725000e-01
2112,6.265000e+03,4.724000e-01
2112,6.275000e+03,4.723000e-01
2112,6.285000e+03,4.722000e-01
2112,6.295000e+03,4.721000e-01
2112,6.305000e+03,4.720000e-01
2112,6.315000e+03,4.719000e-01
2112,6.325000e+03,4.718000e-01
2112,6.335000e+03,4.717000e-01
2112,6.345000e+03,4.716000e-01
2112,6.355000e+03,4.715000e-01
2112,6.365000e+03,4.714000e-01
2112,6.375000e+03,4.713000e-01
2112,6.385000e+03,4.712000e-01
2112,6.395000e+03,4.711000e-01
2112,6.405000e+03,4.710000e-01
2112,6.415000e+03,4.709000e-01
2112,6.425000e+03,4.708000e-01
2112,6.435000e+03,4.707000e-01
2112,6.445000e+03,4.706000e-01
2112,6.455000e+03,4.705000e-01
2112,6.465000e+03,4.704000e-01
2112,6.475000e+03,4.703000e-01
2112,6.485000e+03,4.702000e-01
2112,6.495000e+03,4.701000e-01
2112,6.505000e+03,4.700000e-01
2112,6.515000e+03,4.699000e-01
2112,6.525000e+03,4.698000e-01
2112,6.535000e+03,4.697000e-01
2112,6.545000e+03,4.696000e-01
2112,6.555000e+03,4.695000e-01
2112,6.565000e+03,4.695000e-01
2112,6.575000e+03,4.694000e-01
2112,6.585000e+03,4.693000e-01
2112,6.595000e+03,4.692000e-01
2112,6.605000e+03,4.691000e-01
2112,6.615000e+03,4.690000e-01
2112,6.625000e+03,4.689000e-01
2112,6.635000e+03,4.688000e-01
2112,6.645000e+03,4.687000e-01
2112,6.655000e+03,4.686000e-01
2112,6.665000e+03,4.685000e-01
2112,6.675000e+03,4.684000e-01
2112,6.685000e+03,4.683000e-01
2112,6.695000e+03,4.682000e-01
2112,6.705000e+03,4.681000e-01
2112,6.715000e+03,4.680000e-01
2112,6.725000e+03,4.679000e-01
2112,6.735000e+03,4.678000e-01
2112,6.745000e+03,4.677000e-01
2112,6.755000e+03,4.676000e-01
2112,6.765000e+03,4.675000e-01
2112,6.775000e+03,4.674000e-01
2112,6.785000e+03,4.673000e-01
2112,6.795000e+03,4.672000e-01
2112,6.805000e+03,4.671000e-01
2112,6.815000e+03,4.670000e-01
2112,6.825000e+03,4.669000e-01
2112,6.835000e+03,4.668000e-01
2112,6.845000e+03,4.667000e-01
2112,6.855000e+03,4.666000e-01
2112,6.865000e+03,4.665000e-01
2112,6.875000e+03,4.664000e-01
2112,6.885000e+03,4.663000e-01
2112,6.895000e+03,4.662000e-01
2112,6.905000e+03,4.661000e-01
2112,6.915000e+03,4.660000e-01
2112,6.925000e+03,4.659000e-01
2112,6.935000e+03,4.658000e-01
2112,6.945000e+03,4.657000e-01
2112,6.955000e+03,4.656000e-01
2112,6.965000e+03,4.656000e-01
2112,6.975000e+03,4.655000e-01
2112,6.985000e+03,4.654000e-01
2112,6.995000e+03,4.653000e-01
2112,7.005000e+03,4.652000e-01
2112,7.015000e+03,4.651000e-01
2112,7.025000e+03,4.650000e-01
2112,7.035000e+03,4.649000e-01
2112,7.045000e+03,4.648000e-01
2112,7.055000e+03,4.647000e-01
2112,7.065000e+03,4.646000e-01
2112,7.075000e+03,4.645000e-01
2112,7.085000e+03,4.644000e-01
2112,7.095000e+03,4.643000e-01
2112,7.105000e+03,4.642000e-01
2112,7.115000e+03,4.641000e-01
2112,7.125000e+03,4.640000e-01
2112,7.135000e+03,4.639000e-01
2112,7.145000e+03,4.638000e-01
2112,7.155000e+03,4.637000e-01
2112,7.165000e+03,4.636000e-01
2112,7.185000e+03,4.634000e-01
2112,7.195000e+03,4.633000e-01
2112,7.205000e+03,4.632000e-01
2112,7.225000e+03,4.630000e-01
2112,7.235000e+03,4.629000e-01
2112,7.245000e+03,4.628000e-01
2112,7.255000e+03,4.627000e-01
2112,7.275000e+03,4.626000e-01
2112,7.285000e+03,4.625000e-01
2112,7.295000e+03,4.624000e-01
2112,7.315000e+03,4.622000e-01
2112,7.325000e+03,4.621000e-01
2112,7.335000e+03,4.620000e-01
2112,7.345000e+03,4.619000e-01
2112,7.365000e+03,4.617000e-01
2112,7.375000e+03,4.616000e-01
2112,7.385000e+03,4.615000e-01
2112,7.395000e+03,4.614000e-01
2112,7.415000e+03,4.612000e-01
2112,7.425000e+03,4.611000e-01
2112,7.435000e+03,4.610000e-01
2112,7.445000e+03,4.609000e-01
2112,7.465000e+03,4.607000e-01
2112,7.475000e+03,4.606000e-01
2112,7.485000e+03,4.605000e-01
2112,7.495000e+03,4.604000e-01
2112,7.515000e+03,4.603000e-01
2112,7.525000e+03,4.602000e-01
2112,7.535000e+03,4.601000e-01
2112,7.545000e+03,4.600000e-01
2112,7.565000e+03,4.598000e-01
2112,7.575000e+03,4.597000e-01
2112,7.585000e+03,4.596000e-01
2112,7.595000e+03,4.595000e-01
2112,7.615000e+03,4.593000e-01
2112,7.625000e+03,4.592000e-01
2112,7.635000e+03,4.591000e-01
2112,7.645000e+03,4.590000e-01
2112,7.665000e+03,4.588000e-01
2112,7.675000e+03,4.587000e-01
2112,7.685000e+03,4.586000e-01
2112,7.695000e+03,4.585000e-01
2112,7.715000e+03,4.583000e-01
2112,7.725000e+03,4.582000e-01
2112,7.735000e+03,4.582000e-01
2112,7.745000e+03,4.581000e-01
2112,7.765000e+03,4.579000e-01
2112,7.775000e+03,4.578000e-01
2112,7.785000e+03,4.577000e-01
2112,7.795000e+03,4.576000e-01
2112,7.815000e+03,4.574000e-01
2112,7.825000e+03,4.573000e-01
2112,7.835000e+03,4.572000e-01
2112,7.845000e+03,4.571000e-01
2112,7.865000e+03,4.569000e-01
2112,7.875000e+03,4.568000e-01
2112,7.885000e+03,4.567000e-01
2112,7.895000e+03,4.566000e-01
2112,7.915000e+03,4.564000e-01
2112,7.925000e+03,4.564000e-01
2112,7.935000e+03,4.563000e-01
2112,7.945000e+03,4.562000e-01
2112,7.965000e+03,4.560000e-01
2112,7.975000e+03,4.559000e-01
2112,7.985000e+03,4.558000e-01
2112,7.995000e+03,4.557000e-01
2112,8.015000e+03,4.555000e-01
2112,8.025000e+03,4.554000e-01
2112,8.035000e+03,4.553000e-01
2112,8.045000e+03,4.552000e-01
2112,8.065000e+03,4.550000e-01
2112,8.075000e+03,4.549000e-01
2112,8.085000e+03,4.548000e-01
2112,8.095000e+03,4.547000e-01
2112,8.115000e+03,4.546000e-01
2112,8.125000e+03,4.545000e-01
2112,8.135000e+03,4.544000e-01
2112,8.145000e+03,4.543000e-01
2112,8.165000e+03,4.541000e-01
2112,8.175000e+03,4.540000e-01
2112,8.185000e+03,4.539000e-01
2112,8.195000e+03,4.538000e-01
2112,8.215000e+03,4.536000e-01
2112,8.225000e+03,4.535000e-01
2112,8.235000e+03,4.534000e-01
2112,8.245000e+03,4.533000e-01
2112,8.265000e+03,4.531000e-01
2112,8.275000e+03,4.531000e-01
2112,8.285000e+03,4.530000e-01
2112,8.295000e+03,4.529000e-01
2112,8.315000e+03,4.527000e-01
2112,8.325000e+03,4.526000e-01
2112,8.335000e+03,4.525000e-01
2112,8.345000e+03,4.524000e-01
2112,8.365000e+03,4.522000e-01
2112,8.375000e+03,4.521000e-01
2112,8.385000e+03,4.520000e-01
2112,8.395000e+03,4.519000e-01
2112,8.415000e+03,4.517000e-01
2112,8.425000e+03,4.516000e-01
2112,8.435000e+03,4.516000e-01
2112,8.445000e+03,4.515000e-01
2112,8.465000e+03,4.513000e-01
2112,8.475000e+03,4.512000e-01
2112,8.485000e+03,4.511000e-01
2112,8.495000e+03,4.510000e-01
2112,8.515000e+03,4.508000e-01
2112,8.525000e+03,4.507000e-01
2112,8.535000e+03,4.506000e-01
2112,8.545000e+03,4.505000e-01
2112,8.565000e+03,4.503000e-01
2112,8.575000e+03,4.502000e-01
2112,8.585000e+03,4.502000e-01
2112,8.595000e+03,4.501000e-01
2112,8.615000e+03,4.499000e-01
2112,8.625000e+03,4.498000e-01
2112,8.635000e+03,4.497000e-01
2112,8.645000e+03,4.496000e-01
2112,8.665000e+03,4.494000e-01
2112,8.675000e+03,4.493000e-01
2112,8.685000e+03,4.492000e-01
2112,8.695000e+03,4.491000e-01
2112,8.715000e+03,4.489000e-01
2112,8.725000e+03,4.489000e-01
2112,8.735000e+03,4.488000e-01
2112,8.745000e+03,4.487000e-01
2112,8.765000e+03,4.485000e-01
2112,8.775000e+03,4.484000e-01
2112,8.785000e+03,4.483000e-01
2112,8.795000e+03,4.482000e-01
2112,8.815000e+03,4.480000e-01
2112,8.825000e+03,4.479000e-01
2112,8.835000e+03,4.478000e-01
2112,8.845000e+03,4.477000e-01
2112,8.865000e+03,4.476000e-01
2112,8.875000e+03,4.475000e-01
2112,8.885000e+03,4.474000e-01
2112,8.895000e+03,4.473000e-01
2112,8.915000e+03,4.471000e-01
2112,8.925000e+03,4.470000e-01
2112,8.935000e+03,4.469000e-01
2112,8.945000e+03,4.468000e-01
2112,8.965000e+03,4.466000e-01
2112,8.975000e+03,4.465000e-01
2112,8.995000e+03,4.464000e-01
2212,1.000000e-03,7.590000e+03
2212,2.000000e-03,5.170000e+03
2212,3.000000e-03,3.976000e+03
2212,5.000000e-03,2.778000e+03
2212,7.000000e-03,2.167000e+03
2212,1.000000e-02,1.650000e+03
2212,2.000000e-02,9.515000e+02
2212,3.000000e-02,6.824000e+02
2212,5.000000e-02,4.447000e+02
2212,7.000000e-02,3.338000e+02
2212,1.000000e-01,2.456000e+02
2212,2.000000e-01,1.336000e+02
2212,3.000000e-01,9.127000e+01
2212,5.000000e-01,5.862000e+01
2212,7.000000e-01,4.307000e+01
2212,1.000000e+00,3.133000e+01
2212,2.000000e+00,1.618000e+01
2212,3.000000e+00,1.101000e+01
2212,5.000000e+00,6.756000e+00
2212,7.000000e+00,5.140000e+00
2212,1.000000e+01,3.871000e+00
2212,1.500000e+01,3.376000e+00
2212,2.500000e+01,2.558000e+00
2212,3.500000e+01,2.125000e+00
2212,4.500000e+01,1.881000e+00
2212,5.500000e+01,1.715000e+00
2212,6.500000e+01,1.580000e+00
2212,7.500000e+01,1.468000e+00
2212,8.500000e+01,1.379000e+00
2212,9.500000e+01,1.307000e+00
2212,1.050000e+02,1.244000e+00
2212,1.150000e+02,1.202000e+00
2212,1.250000e+02,1.161000e+00
2212,1.350000e+02,1.124000e+00
2212,1.450000e+02,1.099000e+00
2212,1.550000e+02,1.075000e+00
2212,1.650000e+02,1.051000e+00
2212,1.750000e+02,1.028000e+00
2212,1.850000e+02,1.013000e+00
2212,1.950000e+02,9.968000e-01
2212,2.050000e+02,9.811000e-01
2212,2.150000e+02,9.653000e-01
2212,2.250000e+02,9.516000e-01
2212,2.350000e+02,9.421000e-01
2212,2.450000e+02,9.326000e-01
2212,2.550000e+02,9.242000e-01
2212,2.650000e+02,9.147000e-01
2212,2.750000e+02,9.063000e-01
2212,2.850000e+02,8.968000e-01
2212,2.950000e+02,8.905000e-01
2212,3.050000e+02,8.842000e-01
2212,3.150000e+02,8.779000e-01
2212,3.250000e+02,8.726000e-01
2212,3.350000e+02,8.663000e-01
2212,3.450000e+02,8.611000e-01
2212,3.550000e+02,8.558000e-01
2212,3.650000e+02,8.495000e-01
2212,3.750000e+02,8.442000e-01
2212,3.850000e+02,8.389000e-01
2212,3.950000e+02,8.326000e-01
2212,4.050000e+02,8.274000e-01
2212,4.150000e+02,8.221000e-01
2212,4.250000e+02,8.168000e-01
2212,4.350000e+02,8.116000e-01
2212,4.450000e+02,8.063000e-01
2212,4.550000e+02,8.011000e-01
2212,4.650000e+02,7.958000e-01
2212,4.750000e+02,7.905000e-01
2212,4.850000e+02,7.853000e-01
2212,4.950000e+02,7.821000e-01
2212,5.050000e+02,7.800000e-01
2212,5.150000e+02,7.768000e-01
2212,5.250000e+02,7.737000e-01
2212,5.350000e+02,7.716000e-01
2212,5.450000e+02,7.684000e-01
2212,5.550000e+02,7.653000e-01
2212,5.650000e+02,7.621000e-01
2212,5.750000e+02,7.600000e-01
2212,5.850000e+02,7.568000e-01
2212,5.950000e+02,7.547000e-01
2212,6.050000e+02,7.516000e-01
2212,6.150000e+02,7.484000e-01
2212,6.250000e+02,7.463000e-01
2212,6.350000e+02,7.442000e-01
2212,6.450000e+02,7.421000e-01
2212,6.550000e+02,7.400000e-01
2212,6.650000e+02,7.379000e-01
2212,6.750000e+02,7.358000e-01
2212,6.850000e+02,7.347000e-01
2212,6.950000e+02,7.326000e-01
2212,7.050000e+02,7.305000e-01
2212,7.150000e+02,7.284000e-01
2212,7.250000e+02,7.263000e-01
2212,7.350000e+02,7.242000e-01
2212,7.450000e+02,7.232000e-01
2212,7.550000e+02,7.211000e-01
2212,7.650000e+02,7.189000e-01
2212,7.750000e+02,7.168000e-01
2212,7.850000e+02,7.147000e-01
2212,7.950000e+02,7.137000e-01
2212,8.050000e+02,7.116000e-01
2212,8.150000e+02,7.095000e-01
2212,8.250000e+02,7.084000e-01
2212,8.350000e+02,7.074000e-01
2212,8.450000e+02,7.063000e-01
2212,8.550000e+02,7.042000e-01
2212,8.650000e+02,7.032000e-01
2212,8.750000e+02,7.021000e-01
2212,8.850000e+02,7.011000e-01
2212,8.950000e+02,6.989000e-01
2212,9.050000e+02,6.979000e-01
2212,9.150000e+02,6.968000e-01
2212,9.250000e+02,6.958000e-01
2212,9.350000e+02,6.947000e-01
2212,9.450000e+02,6.926000e-01
2212,9.550000e+02,6.916000e-01
2212,9.650000e+02,6.905000e-01
2212,9.750000e+02,6.895000e-01
2212,9.850000e+02,6.874000e-01
2212,9.950000e+02,6.863000e-01
2212,1.005000e+03,6.853000e-01
2212,1.015000e+03,6.842000e-01
2212,1.025000e+03,6.832000e-01
2212,1.035000e+03,6.811000e-01
2212,1.045000e+03,6.800000e-01
2212,1.055000e+03,6.789000e-01
2212,1.065000e+03,6.789000e-01
2212,1.075000e+03,6.779000e-01
2212,1.085000e+03,6.768000e-01
2212,1.095000e+03,6.758000e-01
2212,1.105000e+03,6.758000e-01
2212,1.115000e+03,6.747000e-01
2212,1.125000e+03,6.737000e-01
2212,1.135000e+03,6.726000e-01
2212,1.145000e+03,6.726000e-01
2212,1.155000e+03,6.716000e-01
2212,1.165000e+03,6.705000e-01
2212,1.175000e+03,6.695000e-01
2212,1.185000e+03,6.695000e-01
2212,1.195000e+03,6.684000e-01
2212,1.205000e+03,6.674000e-01
2212,1.215000e+03,6.663000e-01
2212,1.225000e+03,6.663000e-01
2212,1.235000e+03,6.653000e-01
2212,1.245000e+03,6.642000e-01
2212,1.255000e+03,6.632000e-01
2212,1.265000e+03,6.632000e-01
2212,1.275000e+03,6.621000e-01
2212,1.285000e+03,6.611000e-01
2212,1.295000e+03,6.600000e-01
2212,1.305000e+03,6.600000e-01
2212,1.315000e+03,6.589000e-01
2212,1.325000e+03,6.579000e-01
2212,1.335000e+03,6.568000e-01
2212,1.345000e+03,6.568000e-01
2212,1.355000e+03,6.558000e-01
2212,1.365000e+03,6.547000e-01
2212,1.375000e+03,6.547000e-01
2212,1.385000e+03,6.537000e-01
2212,1.395000e+03,6.526000e-01
2212,1.405000e+03,6.526000e-01
2212,1.415000e+03,6.516000e-01
2212,1.425000e+03,6.516000e-01
2212,1.435000e+03,6.505000e-01
2212,1.445000e+03,6.495000e-01
2212,1.455000e+03,6.495000e-01
2212,1.465000e+03,6.484000e-01
2212,1.475000e+03,6.474000e-01
2212,1.485000e+03,6.474000e-01
2212,1.495000e+03,6.463000e-01
2212,1.505000e+03,6.463000e-01
2212,1.515000e+03,6.453000e-01
2212,1.525000e+03,6.442000e-01
2212,1.535000e+03,6.442000e-01
2212,1.545000e+03,6.432000e-01
2212,1.555000e+03,6.432000e-01
2212,1.565000e+03,6.421000e-01
2212,1.575000e+03,6.411000e-01
2212,1.585000e+03,6.411000e-01
2212,1.595000e+03,6.400000e-01
2212,1.605000e+03,6.389000e-01
2212,1.615000e+03,6.389000e-01
2212,1.625000e+03,6.379000e-01
2212,1.635000e+03,6.379000e-01
2212,1.645000e+03,6.368000e-01
2212,1.655000e+03,6.358000e-01
2212,1.665000e+03,6.358000e-01
2212,1.675000e+03,6.347000e-01
2212,1.685000e+03,6.347000e-01
2212,1.695000e+03,6.337000e-01
2212,1.705000e+03,6.326000e-01
2212,1.715000e+03,6.326000e-01
2212,1.725000e+03,6.316000e-01
2212,1.735000e+03,6.316000e-01
2212,1.745000e+03,6.305000e-01
2212,1.755000e+03,6.295000e-01
2212,1.765000e+03,6.295000e-01
2212,1.775000e+03,6.284000e-01
2212,1.785000e+03,6.284000e-01
2212,1.795000e+03,6.284000e-01
2212,1.805000e+03,6.274000e-01
2212,1.815000e+03,6.274000e-01
2212,1.825000e+03,6.263000e-01
2212,1.835000e+03,6.263000e-01
2212,1.845000e+03,6.253000e-01
2212,1.855000e+03,6.253000e-01
2212,1.865000e+03,6.242000e-01
2212,1.875000e+03,6.242000e-01
2212,1.885000e+03,6.232000e-01
2212,1.895000e+03,6.232000e-01
2212,1.905000e+03,6.221000e-01
2212,1.915000e+03,6.221000e-01
2212,1.925000e+03,6.211000e-01
2212,1.935000e+03,6.211000e-01
2212,1.945000e+03,6.211000e-01
2212,1.955000e+03,6.200000e-01
2212,1.965000e+03,6.200000e-01
2212,1.975000e+03,6.189000e-01
2212,1.985000e+03,6.189000e-01
2212,1.995000e+03,6.179000e-01
2212,2.005000e+03,6.179000e-01
2212,2.015000e+03,6.168000e-01
2212,2.025000e+03,6.168000e-01
2212,2.035000e+03,6.158000e-01
2212,2.045000e+03,6.158000e-01
2212,2.055000e+03,6.158000e-01
2212,2.065000e+03,6.147000e-01
2212,2.075000e+03,6.147000e-01
2212,2.085000e+03,6.137000e-01
2212,2.095000e+03,6.137000e-01
2212,2.105000e+03,6.126000e-01
2212,2.115000e+03,6.126000e-01
2212,2.125000e+03,6.116000e-01
2212,2.135000e+03,6.116000e-01
2212,2.145000e+03,6.105000e-01
2212,2.155000e+03,6.105000e-01
2212,2.165000e+03,6.105000e-01
2212,2.175000e+03,6.095000e-01
2212,2.185000e+03,6.095000e-01
2212,2.195000e+03,6.084000e-01
2212,2.205000e+03,6.084000e-01
2212,2.215000e+03,6.074000e-01
2212,2.225000e+03,6.074000e-01
2212,2.235000e+03,6.063000e-01
2212,2.245000e+03,6.063000e-01
2212,2.255000e+03,6.053000e-01
2212,2.265000e+03,6.053000e-01
2212,2.275000e+03,6.053000e-01
2212,2.285000e+03,6.053000e-01
2212,2.295000e+03,6.042000e-01
2212,2.305000e+03,6.042000e-01
2212,2.315000e+03,6.042000e-01
2212,2.325000e+03,6.042000e-01
2212,2.335000e+03,6.042000e-01
2212,2.345000e+03,6.042000e-01
2212,2.355000e+03,6.042000e-01
2212,2.365000e+03,6.032000e-01
2212,2.375000e+03,6.032000e-01
2212,2.385000e+03,6.032000e-01
2212,2.395000e+03,6.032000e-01
2212,2.405000e+03,6.032000e-01
2212,2.415000e+03,6.032000e-01
2212,2.425000e+03,6.032000e-01
2212,2.435000e+03,6.021000e-01
2212,2.445000e+03,6.021000e-01
2212,2.455000e+03,6.021000e-01
2212,2.465000e+03,6.021000e-01
2212,2.475000e+03,6.021000e-01
2212,2.485000e+03,6.021000e-01
2212,2.495000e+03,6.021000e-01
2212,2.505000e+03,6.011000e-01
2212,2.515000e+03,6.011000e-01
2212,2.525000e+03,6.011000e-01
2212,2.535000e+03,6.011000e-01
2212,2.545000e+03,6.011000e-01
2212,2.555000e+03,6.011000e-01
2212,2.565000e+03,6.000000e-01
2212,2.575000e+03,6.000000e-01
2212,2.585000e+03,6.000000e-01
2212,2.595000e+03,6.000000e-01
2212,2.605000e+03,6.000000e-01
2212,2.615000e+03,6.000000e-01
2212,2.625000e+03,6.000000e-01
2212,2.635000e+03,5.989000e-01
2212,2.645000e+03,5.989000e-01
2212,2.655000e+03,5.989000e-01
2212,2.665000e+03,5.989000e-01
2212,2.675000e+03,5.989000e-01
2212,2.685000e+03,5.989000e-01
2212,2.695000e+03,5.989000e-01
2212,2.705000e+03,5.979000e-01
2212,2.715000e+03,5.979000e-01
2212,2.725000e+03,5.979000e-01
2212,2.735000e+03,5.979000e-01
2212,2.745000e+03,5.979000e-01
2212,2.755000e+03,5.979000e-01
2212,2.765000e+03,5.979000e-01
2212,2.775000e+03,5.968000e-01
2212,2.785000e+03,5.968000e-01
2212,2.795000e+03,5.968000e-01
2212,2.805000e+03,5.968000e-01
2212,2.815000e+03,5.968000e-01
2212,2.825000e+03,5.968000e-01
2212,2.835000e+03,5.958000e-01
2212,2.845000e+03,5.958000e-01
2212,2.855000e+03,5.958000e-01
2212,2.865000e+03,5.958000e-01
2212,2.875000e+03,5.958000e-01
2212,2.885000e+03,5.958000e-01
2212,2.895000e+03,5.958000e-01
2212,2.905000e+03,5.947000e-01
2212,2.915000e+03,5.947000e-01
2212,2.925000e+03,5.947000e-01
2212,2.935000e+03,5.947000e-01
2212,2.945000e+03,5.947000e-01
2212,2.955000e+03,5.947000e-01
2212,2.965000e+03,5.947000e-01
2212,2.975000e+03,5.937000e-01
2212,2.985000e+03,5.937000e-01
2212,2.995000e+03,5.937000e-01
2212,3.005000e+03,5.937000e-01
2212,3.015000e+03,5.937000e-01
2212,3.025000e+03,5.937000e-01
2212,3.035000e+03,5.937000e-01
2212,3.045000e+03,5.926000e-01
2212,3.055000e+03,5.926000e-01
2212,3.065000e+03,5.926000e-01
2212,3.075000e+03,5.926000e-01
2212,3.085000e+03,5.926000e-01
2212,3.095000e+03,5.926000e-01
2212,3.105000e+03,5.926000e-01
2212,3.115000e+03,5.916000e-01
2212,3.125000e+03,5.916000e-01
2212,3.135000e+03,5.916000e-01
2212,3.145000e+03,5.916000e-01
2212,3.155000e+03,5.916000e-01
2212,3.165000e+03,5.916000e-01
2212,3.175000e+03,5.905000e-01
2212,3.185000e+03,5.905000e-01
2212,3.195000e+03,5.905000e-01
2212,3.205000e+03,5.905000e-01
2212,3.215000e+03,5.905000e-01
2212,3.225000e+03,5.905000e-01
2212,3.235000e+03,5.905000e-01
2212,3.245000e+03,5.895000e-01
2212,3.255000e+03,5.895000e-01
2212,3.265000e+03,5.895000e-01
2212,3.275000e+03,5.895000e-01
2212,3.285000e+03,5.895000e-01
2212,3.295000e+03,5.895000e-01
2212,3.305000e+03,5.895000e-01
2212,3.315000e+03,5.884000e-01
2212,3.325000e+03,5.884000e-01
2212,3.335000e+03,5.884000e-01
2212,3.345000e+03,5.884000e-01
2212,3.355000e+03,5.884000e-01
2212,3.365000e+03,5.884000e-01
2212,3.375000e+03,5.884000e-01
2212,3.385000e+03,5.874000e-01
2212,3.395000e+03,5.874000e-01
2212,3.405000e+03,5.874000e-01
2212,3.415000e+03,5.874000e-01
2212,3.425000e+03,5.874000e-01
2212,3.435000e+03,5.874000e-01
2212,3.445000e+03,5.874000e-01
2212,3.455000e+03,5.863000e-01
2212,3.465000e+03,5.863000e-01
2212,3.475000e+03,5.863000e-01
2212,3.485000e+03,5.863000e-01
2212,3.495000e+03,5.863000e-01
2212,3.505000e+03,5.863000e-01
2212,3.515000e+03,5.863000e-01
2212,3.525000e+03,5.853000e-01
2212,3.535000e+03,5.853000e-01
2212,3.545000e+03,5.853000e-01
2212,3.555000e+03,5.853000e-01
2212,3.565000e+03,5.853000e-01
2212,3.575000e+03,5.853000e-01
2212,3.585000e+03,5.853000e-01
2212,3.595000e+03,5.842000e-01
2212,3.605000e+03,5.842000e-01
2212,3.615000e+03,5.842000e-01
2212,3.625000e+03,5.842000e-01
2212,3.635000e+03,5.842000e-01
2212,3.645000e+03,5.842000e-01
2212,3.655000e+03,5.842000e-01
2212,3.665000e+03,5.832000e-01
2212,3.675000e+03,5.832000e-01
2212,3.685000e+03,5.832000e-01
2212,3.695000e+03,5.832000e-01
2212,3.705000e+03,5.832000e-01
2212,3.715000e+03,5.832000e-01
2212,3.725000e+03,5.832000e-01
2212,3.735000e+03,5.821000e-01
2212,3.745000e+03,5.821000e-01
2212,3.755000e+03,5.821000e-01
2212,3.765000e+03,5.821000e-01
2212,3.775000e+03,5.821000e-01
2212,3.785000e+03,5.821000e-01
2212,3.795000e+03,5.821000e-01
2212,3.805000e+03,5.811000e-01
2212,3.815000e+03,5.811000e-01
2212,3.825000e+03,5.811000e-01
2212,3.835000e+03,5.811000e-01
2212,3.845000e+03,5.811000e-01
2212,3.855000e+03,5.811000e-01
2212,3.865000e+03,5.811000e-01
2212,3.875000e+03,5.800000e-01
2212,3.885000e+03,5.800000e-01
2212,3.895000e+03,5.800000e-01
2212,3.905000e+03,5.800000e-01
2212,3.915000e+03,5.800000e-01
2212,3.925000e+03,5.800000e-01
2212,3.935000e+03,5.800000e-01
2212,3.945000e+03,5.789000e-01
2212,3.955000e+03,5.789000e-01
2212,3.965000e+03,5.789000e-01
2212,3.975000e+03,5.789000e-01
2212,3.985000e+03,5.789000e-01
2212,3.995000e+03,5.789000e-01
2212,4.005000e+03,5.789000e-01
2212,4.015000e+03,5.779000e-01
2212,4.025000e+03,5.779000e-01
2212,4.035000e+03,5.779000e-01
2212,4.045000e+03,5.779000e-01
2212,4.055000e+03,5.779000e-01
2212,4.065000e+03,5.779000e-01
2212,4.075000e+03,5.779000e-01
2212,4.085000e+03,5.768000e-01
2212,4.095000e+03,5.768000e-01
2212,4.105000e+03,5.768000e-01
2212,4.115000e+03,5.768000e-01
2212,4.125000e+03,5.768000e-01
2212,4.135000e+03,5.768000e-01
2212,4.145000e+03,5.768000e-01
2212,4.155000e+03,5.758000e-01
2212,4.165000e+03,5.758000e-01
2212,4.175000e+03,5.758000e-01
2212,4.185000e+03,5.758000e-01
2212,4.195000e+03,5.758000e-01
2212,4.205000e+03,5.758000e-01
2212,4.215000e+03,5.758000e-01
2212,4.225000e+03,5.747000e-01
2212,4.235000e+03,5.747000e-01
2212,4.245000e+03,5.747000e-01
2212,4.255000e+03,5.747000e-01
2212,4.265000e+03,5.747000e-01
2212,4.275000e+03,5.747000e-01
2212,4.285000e+03,5.747000e-01
2212,4.295000e+03,5.737000e-01
2212,4.305000e+03,5.737000e-01
2212,4.315000e+03,5.737000e-01
2212,4.325000e+03,5.737000e-01
2212,4.335000e+03,5.737000e-01
2212,4.345000e+03,5.737000e-01
2212,4.355000e+03,5.737000e-01
2212,4.365000e+03,5.726000e-01
2212,4.375000e+03,5.726000e-01
2212,4.385000e+03,5.726000e-01
2212,4.395000e+03,5.726000e-01
2212,4.405000e+03,5.726000e-01
2212,4.415000e+03,5.726000e-01
2212,4.425000e+03,5.726000e-01
2212,4.435000e+03,5.716000e-01
2212,4.445000e+03,5.716000e-01
2212,4.455000e+03,5.716000e-01
2212,4.465000e+03,5.716000e-01
2212,4.475000e+03,5.716000e-01
2212,4.485000e+03,5.716000e-01
2212,4.495000e+03,5.716000e-01
2212,4.505000e+03,5.705000e-01
2212,4.515000e+03,5.705000e-01
2212,4.525000e+03,5.705000e-01
2212,4.535000e+03,5.705000e-01
2212,4.545000e+03,5.705000e-01
2212,4.555000e+03,5.705000e-01
2212,4.565000e+03,5.705000e-01
2212,4.575000e+03,5.695000e-01
2212,4.585000e+03,5.695000e-01
2212,4.595000e+03,5.695000e-01
2212,4.605000e+03,5.695000e-01
2212,4.615000e+03,5.695000e-01
2212,4.625000e+03,5.695000e-01
2212,4.635000e+03,5.695000e-01
2212,4.645000e+03,5.684000e-01
2212,4.655000e+03,5.684000e-01
2212,4.665000e+03,5.684000e-01
2212,4.675000e+03,5.684000e-01
2212,4.685000e+03,5.684000e-01
2212,4.695000e+03,5.684000e-01
2212,4.705000e+03,5.684000e-01
2212,4.715000e+03,5.674000e-01
2212,4.725000e+03,5.674000e-01
2212,4.735000e+03,5.674000e-01
2212,4.745000e+03,5.674000e-01
2212,4.755000e+03,5.674000e-01
2212,4.765000e+03,5.674000e-01
2212,4.775000e+03,5.674000e-01
2212,4.785000e+03,5.674000e-01
2212,4.795000e+03,5.663000e-01
2212,4.805000e+03,5.663000e-01
2212,4.815000e+03,5.663000e-01
2212,4.825000e+03,5.663000e-01
2212,4.835000e+03,5.663000e-01
2212,4.845000e+03,5.663000e-01
2212,4.855000e+03,5.663000e-01
2212,4.865000e+03,5.653000e-01
2212,4.875000e+03,5.653000e-01
2212,4.885000e+03,5.653000e-01
2212,4.895000e+03,5.653000e-01
2212,4.905000e+03,5.653000e-01
2212,4.915000e+03,5.653000e-01
2212,4.925000e+03,5.653000e-01
2212,4.935000e+03,5.642000e-01
2212,4.945000e+03,5.642000e-01
2212,4.955000e+03,5.642000e-01
2212,4.965000e+03,5.642000e-01
2212,4.975000e+03,5.642000e-01
2212,4.985000e+03,5.642000e-01
2212,4.995000e+03,5.642000e-01
2212,5.005000e+03,5.632000e-01
2212,5.015000e+03,5.632000e-01
2212,5.025000e+03,5.632000e-01
2212,5.035000e+03,5.632000e-01
2212,5.045000e+03,5.632000e-01
2212,5.055000e+03,5.632000e-01
2212,5.065000e+03,5.632000e-01
2212,5.075000e+03,5.621000e-01
2212,5.085000e+03,5.621000e-01
2212,5.095000e+03,5.621000e-01
2212,5.105000e+03,5.621000e-01
2212,5.115000e+03,5.621000e-01
2212,5.125000e+03,5.621000e-01
2212,5.135000e+03,5.621000e-01
2212,5.145000e+03,5.611000e-01
2212,5.155000e+03,5.611000e-01
2212,5.165000e+03,5.611000e-01
2212,5.175000e+03,5.611000e-01
2212,5.185000e+03,5.611000e-01
2212,5.195000e+03,5.611000e-01
2212,5.205000e+03,5.611000e-01
2212,5.215000e+03,5.611000e-01
2212,5.225000e+03,5.600000e-01
2212,5.235000e+03,5.600000e-01
2212,5.245000e+03,5.600000e-01
2212,5.255000e+03,5.600000e-01
2212,5.265000e+03,5.600000e-01
2212,5.275000e+03,5.600000e-01
2212,5.285000e+03,5.600000e-01
2212,5.295000e+03,5.589000e-01
2212,5.305000e+03,5.589000e-01
2212,5.315000e+03,5.589000e-01
2212,5.325000e+03,5.589000e-01
2212,5.335000e+03,5.589000e-01
2212,5.345000e+03,5.589000e-01
2212,5.355000e+03,5.589000e-01
2212,5.365000e+03,5.579000e-01
2212,5.375000e+03,5.579000e-01
2212,5.385000e+03,5.579000e-01
2212,5.395000e+03,5.579000e-01
2212,5.405000e+03,5.579000e-01
2212,5.415000e+03,5.579000e-01
2212,5.425000e+03,5.579000e-01
2212,5.435000e+03,5.568000e-01
2212,5.445000e+03,5.568000e-01
2212,5.455000e+03,5.568000e-01
2212,5.465000e+03,5.568000e-01
2212,5.475000e+03,5.568000e-01
2212,5.485000e+03,5.568000e-01
2212,5.495000e+03,5.568000e-01
2212,5.505000e+03,5.568000e-01
2212,5.515000e+03,5.558000e-01
2212,5.525000e+03,5.558000e-01
2212,5.535000e+03,5.558000e-01
2212,5.545000e+03,5.558000e-01
2212,5.555000e+03,5.558000e-01
2212,5.565000e+03,5.558000e-01
2212,5.575000e+03,5.558000e-01
2212,5.585000e+03,5.547000e-01
2212,5.595000e+03,5.547000e-01
2212,5.605000e+03,5.547000e-01
2212,5.615000e+03,5.547000e-01
2212,5.625000e+03,5.547000e-01
2212,5.635000e+03,5.547000e-01
2212,5.645000e+03,5.547000e-01
2212,5.655000e+03,5.537000e-01
2212,5.665000e+03,5.537000e-01
2212,5.675000e+03,5.537000e-01
2212,5.685000e+03,5.537000e-01
2212,5.695000e+03,5.537000e-01
2212,5.705000e+03,5.537000e-01
2212,5.715000e+03,5.537000e-01
2212,5.725000e+03,5.537000e-01
2212,5.735000e+03,5.526000e-01
2212,5.745000e+03,5.526000e-01
2212,5.755000e+03,5.526000e-01
2212,5.765000e+03,5.526000e-01
2212,5.775000e+03,5.526000e-01
2212,5.785000e+03,5.526000e-01
2212,5.795000e+03,5.526000e-01
2212,5.805000e+03,5.516000e-01
2212,5.815000e+03,5.516000e-01
2212,5.825000e+03,5.516000e-01
2212,5.835000e+03,5.516000e-01
2212,5.845000e+03,5.516000e-01
2212,5.855000e+03,5.516000e-01
2212,5.865000e+03,5.516000e-01
2212,5.875000e+03,5.505000e-01
2212,5.885000e+03,5.505000e-01
2212,5.895000e+03,5.505000e-01
2212,5.905000e+03,5.505000e-01
2212,5.915000e+03,5.505000e-01
2212,5.925000e+03,5.505000e-01
2212,5.935000e+03,5.505000e-01
2212,5.945000e+03,5.505000e-01
2212,5.955000e+03,5.495000e-01
2212,5.965000e+03,5.495000e-01
2212,5.975000e+03,5.495000e-01
2212,5.985000e+03,5.495000e-01
2212,5.995000e+03,5.495000e-01
2212,6.005000e+03,5.495000e-01
2212,6.015000e+03,5.495000e-01
2212,6.025000e+03,5.484000e-01
2212,6.035000e+03,5.484000e-01
2212,6.045000e+03,5.484000e-01
2212,6.055000e+03,5.484000e-01
2212,6.065000e+03,5.484000e-01
2212,6.075000e+03,5.484000e-01
2212,6.085000e+03,5.484000e-01
2212,6.095000e+03,5.474000e-01
2212,6.105000e+03,5.474000e-01
2212,6.115000e+03,5.474000e-01
2212,6.125000e+03,5.474000e-01
2212,6.135000e+03,5.474000e-01
2212,6.145000e+03,5.474000e-01
2212,6.155000e+03,5.474000e-01
2212,6.165000e+03,5.474000e-01
2212,6.175000e+03,5.463000e-01
2212,6.185000e+03,5.463000e-01
2212,6.195000e+03,5.463000e-01
2212,6.205000e+03,5.463000e-01
2212,6.215000e+03,5.463000e-01
2212,6.225000e+03,5.463000e-01
2212,6.235000e+03,5.463000e-01
2212,6.245000e+03,5.453000e-01
2212,6.255000e+03,5.453000e-01
2212,6.265000e+03,5.453000e-01
2212,6.275000e+03,5.453000e-01
2212,6.285000e+03,5.453000e-01
2212,6.295000e+03,5.453000e-01
2212,6.305000e+03,5.453000e-01
2212,6.315000e+03,5.453000e-01
2212,6.325000e+03,5.442000e-01
2212,6.335000e+03,5.442000e-01
2212,6.345000e+03,5.442000e-01
2212,6.355000e+03,5.442000e-01
2212,6.365000e+03,5.442000e-01
2212,6.375000e+03,5.442000e-01
2212,6.385000e+03,5.442000e-01
2212,6.395000e+03,5.432000e-01
2212,6.405000e+03,5.432000e-01
2212,6.415000e+03,5.432000e-01
2212,6.425000e+03,5.432000e-01
2212,6.435000e+03,5.432000e-01
2212,6.445000e+03,5.432000e-01
2212,6.455000e+03,5.432000e-01
2212,6.465000e+03,5.432000e-01
2212,6.475000e+03,5.421000e-01
2212,6.485000e+03,5.421000e-01
2212,6.495000e+03,5.421000e-01
2212,6.505000e+03,5.421000e-01
2212,6.515000e+03,5.421000e-01
2212,6.525000e+03,5.421000e-01
2212,6.535000e+03,5.421000e-01
2212,6.545000e+03,5.411000e-01
2212,6.555000e+03,5.411000e-01
2212,6.565000e+03,5.411000e-01
2212,6.575000e+03,5.411000e-01
2212,6.585000e+03,5.411000e-01
2212,6.595000e+03,5.411000e-01
2212,6.605000e+03,5.411000e-01
2212,6.615000e+03,5.411000e-01
2212,6.625000e+03,5.400000e-01
2212,6.635000e+03,5.400000e-01
2212,6.645000e+03,5.400000e-01
2212,6.655000e+03,5.400000e-01
2212,6.665000e+03,5.400000e-01
2212,6.675000e+03,5.400000e-01
2212,6.685000e+03,5.400000e-01
2212,6.695000e+03,5.389000e-01
2212,6.705000e+03,5.389000e-01
2212,6.715000e+03,5.389000e-01
2212,6.725000e+03,5.389000e-01
2212,6.735000e+03,5.389000e-01
2212,6.745000e+03,5.389000e-01
2212,6.755000e+03,5.389000e-01
2212,6.765000e+03,5.389000e-01
2212,6.775000e+03,5.379000e-01
2212,6.785000e+03,5.379000e-01
2212,6.795000e+03,5.379000e-01
2212,6.805000e+03,5.379000e-01
2212,6.815000e+03,5.379000e-01
2212,6.825000e+03,5.379000e-01
2212,6.835000e+03,5.379000e-01
2212,6.845000e+03,5.368000e-01
2212,6.855000e+03,5.368000e-01
2212,6.865000e+03,5.368000e-01
2212,6.875000e+03,5.368000e-01
2212,6.885000e+03,5.368000e-01
2212,6.895000e+03,5.368000e-01
2212,6.905000e+03,5.368000e-01
2212,6.915000e+03,5.368000e-01
2212,6.925000e+03,5.358000e-01
2212,6.935000e+03,5.358000e-01
2212,6.945000e+03,5.358000e-01
2212,6.955000e+03,5.358000e-01
2212,6.965000e+03,5.358000e-01
2212,6.975000e+03,5.358000e-01
2212,6.985000e+03,5.358000e-01
2212,6.995000e+03,5.347000e-01
2212,7.005000e+03,5.347000e-01
2212,7.015000e+03,5.347000e-01
2212,7.025000e+03,5.347000e-01
2212,7.035000e+03,5.347000e-01
2212,7.045000e+03,5.347000e-01
2212,7.055000e+03,5.347000e-01
2212,7.065000e+03,5.347000e-01
2212,7.075000e+03,5.337000e-01
2212,7.085000e+03,5.337000e-01
2212,7.095000e+03,5.337000e-01
2212,7.105000e+03,5.337000e-01
2212,7.115000e+03,5.337000e-01
2212,7.125000e+03,5.337000e-01
2212,7.135000e+03,5.337000e-01
2212,7.145000e+03,5.326000e-01
2212,7.155000e+03,5.326000e-01
2212,7.165000e+03,5.326000e-01
2212,7.175000e+03,5.326000e-01
2212,7.185000e+03,5.326000e-01
2212,7.195000e+03,5.326000e-01
2212,7.205000e+03,5.326000e-01
2212,7.215000e+03,5.326000e-01
2212,7.225000e+03,5.316000e-01
2212,7.413000e+03,5.316000e-01
2212,7.245000e+03,5.316000e-01
2212,7.255000e+03,5.316000e-01
2212,7.265000e+03,5.316000e-01
2212,7.275000e+03,5.316000e-01
2212,7.285000e+03,5.316000e-01
2212,7.295000e+03,5.316000e-01
2212,7.305000e+03,5.305000e-01
2212,7.315000e+03,5.305000e-01
2212,7.325000e+03,5.305000e-01
2212,7.335000e+03,5.305000e-01
2212,7.345000e+03,5.305000e-01
2212,7.355000e+03,5.305000e-01
2212,7.365000e+03,5.305000e-01
2212,7.375000e+03,5.295000e-01
2212,7.385000e+03,5.295000e-01
2212,7.395000e+03,5.295000e-01
2212,7.405000e+03,5.295000e-01
2212,7.415000e+03,5.295000e-01
2212,7.425000e+03,5.295000e-01
2212,7.435000e+03,5.295000e-01
2212,7.445000e+03,5.295000e-01
2212,7.455000e+03,5.284000e-01
2212,7.465000e+03,5.284000e-01
2212,7.475000e+03,5.284000e-01
2212,7.485000e+03,5.284000e-01
2212,7.495000e+03,5.284000e-01
2212,7.505000e+03,5.284000e-01
2212,7.515000e+03,5.284000e-01
2212,7.525000e+03,5.284000e-01
2212,7.535000e+03,5.274000e-01
2212,7.545000e+03,5.274000e-01
2212,7.555000e+03,5.274000e-01
2212,7.565000e+03,5.274000e-01
2212,7.575000e+03,5.274000e-01
2212,7.585000e+03,5.274000e-01
2212,7.595000e+03,5.274000e-01
2212,7.605000e+03,5.263000e-01
2212,7.615000e+03,5.263000e-01
2212,7.625000e+03,5.263000e-01
2212,7.635000e+03,5.263000e-01
2212,7.645000e+03,5.263000e-01
2212,7.655000e+03,5.263000e-01
2212,7.665000e+03,5.263000e-01
2212,7.675000e+03,5.263000e-01
2212,7.685000e+03,5.253000e-01
2212,7.695000e+03,5.253000e-01
2212,7.705000e+03,5.253000e-01
2212,7.715000e+03,5.253000e-01
2212,7.725000e+03,5.253000e-01
2212,7.735000e+03,5.253000e-01
2212,7.745000e+03,5.253000e-01
2212,7.755000e+03,5.253000e-01
2212,7.765000e+03,5.242000e-01
2212,7.775000e+03,5.242000e-01
2212,7.785000e+03,5.242000e-01
2212,7.795000e+03,5.242000e-01
2212,7.805000e+03,5.242000e-01
2212,7.815000e+03,5.242000e-01
2212,7.825000e+03,5.242000e-01
2212,7.835000e+03,5.242000e-01
2212,7.845000e+03,5.232000e-01
2212,7.855000e+03,5.232000e-01
2212,7.865000e+03,5.232000e-01
2212,7.875000e+03,5.232000e-01
2212,7.885000e+03,5.232000e-01
2212,7.895000e+03,5.232000e-01
2212,7.905000e+03,5.232000e-01
2212,7.915000e+03,5.221000e-01
2212,7.925000e+03,5.221000e-01
2212,7.935000e+03,5.221000e-01
2212,7.945000e+03,5.221000e-01
2212,7.955000e+03,5.221000e-01
2212,7.965000e+03,5.221000e-01
2212,7.975000e+03,5.221000e-01
2212,7.985000e+03,5.221000e-01
2212,7.995000e+03,5.211000e-01
2212,8.005000e+03,5.211000e-01
2212,8.015000e+03,5.211000e-01
2212,8.025000e+03,5.211000e-01
2212,8.035000e+03,5.211000e-01
2212,8.045000e+03,5.211000e-01
2212,8.055000e+03,5.211000e-01
2212,8.065000e+03,5.211000e-01
2212,8.075000e+03,5.200000e-01
2212,8.085000e+03,5.200000e-01
2212,8.095000e+03,5.200000e-01
2212,8.105000e+03,5.200000e-01
2212,8.115000e+03,5.200000e-01
2212,8.125000e+03,5.200000e-01
2212,8.135000e+03,5.200000e-01
2212,8.145000e+03,5.200000e-01
2212,8.155000e+03,5.189000e-01
2212,8.165000e+03,5.189000e-01
2212,8.175000e+03,5.189000e-01
2212,8.185000e+03,5.189000e-01
2212,8.195000e+03,5.189000e-01
2212,8.205000e+03,5.189000e-01
2212,8.215000e+03,5.189000e-01
2212,8.225000e+03,5.179000e-01
2212,8.235000e+03,5.179000e-01
2212,8.245000e+03,5.179000e-01
2212,8.255000e+03,5.179000e-01
2212,8.265000e+03,5.179000e-01
2212,8.275000e+03,5.179000e-01
2212,8.285000e+03,5.179000e-01
2212,8.295000e+03,5.179000e-01
2212,8.305000e+03,5.168000e-01
2212,8.315000e+03,5.168000e-01
2212,8.325000e+03,5.168000e-01
2212,8.335000e+03,5.168000e-01
2212,8.345000e+03,5.168000e-01
2212,8.355000e+03,5.168000e-01
2212,8.365000e+03,5.168000e-01
2212,8.375000e+03,5.168000e-01
2212,8.385000e+03,5.158000e-01
2212,8.395000e+03,5.158000e-01
2212,8.405000e+03,5.158000e-01
2212,8.415000e+03,5.158000e-01
2212,8.425000e+03,5.158000e-01
2212,8.435000e+03,5.158000e-01
2212,8.445000e+03,5.158000e-01
2212,8.455000e+03,5.158000e-01
2212,8.465000e+03,5.147000e-01
2212,8.475000e+03,5.147000e-01
2212,8.485000e+03,5.147000e-01
2212,8.495000e+03,5.147000e-01
2212,8.505000e+03,5.147000e-01
2212,8.515000e+03,5.147000e-01
2212,8.525000e+03,5.147000e-01
2212,8.535000e+03,5.147000e-01
2212,8.545000e+03,5.137000e-01
2212,8.555000e+03,5.137000e-01
2212,8.565000e+03,5.137000e-01
2212,8.575000e+03,5.137000e-01
2212,8.585000e+03,5.137000e-01
2212,8.595000e+03,5.137000e-01
2212,8.605000e+03,5.137000e-01
2212,8.615000e+03,5.137000e-01
2212,8.625000e+03,5.126000e-01
2212,8.635000e+03,5.126000e-01
2212,8.645000e+03,5.126000e-01
2212,8.655000e+03,5.126000e-01
2212,8.665000e+03,5.126000e-01
2212,8.675000e+03,5.126000e-01
2212,8.685000e+03,5.126000e-01
2212,8.695000e+03,5.126000e-01
2212,8.705000e+03,5.116000e-01
2212,8.715000e+03,5.116000e-01
2212,8.725000e+03,5.116000e-01
2212,8.735000e+03,5.116000e-01
2212,8.745000e+03,5.116000e-01
2212,8.755000e+03,5.116000e-01
2212,8.765000e+03,5.116000e-01
2212,8.775000e+03,5.116000e-01
2212,8.785000e+03,5.105000e-01
2212,8.795000e+03,5.105000e-01
2212,8.805000e+03,5.105000e-01
2212,8.815000e+03,5.105000e-01
2212,8.825000e+03,5.105000e-01
2212,8.835000e+03,5.105000e-01
2212,8.845000e+03,5.105000e-01
2212,8.855000e+03,5.095000e-01
2212,8.865000e+03,5.095000e-01
2212,8.875000e+03,5.095000e-01
2212,8.885000e+03,5.095000e-01
2212,8.895000e+03,5.095000e-01
2212,8.905000e+03,5.095000e-01
2212,8.915000e+03,5.095000e-01
2212,8.925000e+03,5.095000e-01
2212,8.935000e+03,5.084000e-01
2212,8.945000e+03,5.084000e-01
2212,8.955000e+03,5.084000e-01
2212,8.965000e+03,5.084000e-01
2212,8.975000e+03,5.084000e-01
2212,8.985000e+03,5.084000e-01
2212,8.995000e+03,5.084000e-01
2212,9.005000e+03,5.084000e-01
211,1.500000e+01,5.589000e-01
211,2.500000e+01,4.947000e-01
211,3.500000e+01,4.663000e-01
211,4.500000e+01,4.937000e-01
211,5.500000e+01,5.274000e-01
211,6.500000e+01,5.632000e-01
211,7.500000e+01,6.042000e-01
211,8.500000e+01,6.411000e-01
211,9.500000e+01,7.011000e-01
211,1.050000e+02,7.411000e-01
211,1.150000e+02,7.663000e-01
211,1.250000e+02,7.926000e-01
211,1.350000e+02,8.242000e-01
211,1.450000e+02,8.558000e-01
211,1.550000e+02,8.863000e-01
211,1.650000e+02,9.084000e-01
211,1.750000e+02,9.221000e-01
211,1.850000e+02,9.347000e-01
211,1.950000e+02,9.432000e-01
211,2.050000e+02,9.463000e-01
211,2.150000e+02,9.453000e-01
211,2.250000e+02,9.400000e-01
211,2.350000e+02,9.316000e-01
211,2.450000e+02,9.189000e-01
211,2.550000e+02,9.042000e-01
211,2.650000e+02,8.874000e-01
211,2.750000e+02,8.684000e-01
211,2.850000e+02,8.484000e-01
211,2.950000e+02,8.274000e-01
211,3.050000e+02,8.074000e-01
211,3.150000e+02,7.895000e-01
211,3.250000e+02,7.705000e-01
211,3.350000e+02,7.526000e-01
211,3.450000e+02,7.347000e-01
211,3.550000e+02,7.168000e-01
211,3.650000e+02,7.011000e-01
211,3.750000e+02,6.853000e-01
211,3.850000e+02,6.705000e-01
211,3.950000e+02,6.558000e-01
211,4.050000e+02,6.421000e-01
211,4.150000e+02,6.295000e-01
211,4.250000e+02,6.179000e-01
211,4.350000e+02,6.063000e-01
211,4.450000e+02,5.947000e-01
211,4.550000e+02,5.853000e-01
211,4.650000e+02,5.768000e-01
211,4.750000e+02,5.684000e-01
211,4.850000e+02,5.611000e-01
211,4.950000e+02,5.558000e-01
211,5.050000e+02,5.537000e-01
211,5.150000e+02,5.526000e-01
211,5.250000e+02,5.537000e-01
211,5.350000e+02,5.547000e-01
211,5.450000e+02,5.600000e-01
211,5.550000e+02,5.653000e-01
211,5.650000e+02,5.674000e-01
211,5.750000e+02,5.684000e-01
211,5.850000e+02,5.642000e-01
211,5.950000e+02,5.600000e-01
211,6.050000e+02,5.516000e-01
211,6.150000e+02,5.442000e-01
211,6.250000e+02,5.347000e-01
211,6.350000e+02,5.253000e-01
211,6.450000e+02,5.158000e-01
211,6.550000e+02,5.063000e-01
211,6.650000e+02,4.989000e-01
211,6.750000e+02,4.926000e-01
211,6.850000e+02,4.895000e-01
211,6.950000e+02,4.863000e-01
211,7.050000e+02,4.874000e-01
211,7.150000e+02,4.895000e-01
211,7.250000e+02,4.926000e-01
211,7.350000e+02,4.968000e-01
211,7.450000e+02,5.032000e-01
211,7.550000e+02,5.126000e-01
211,7.650000e+02,5.221000e-01
211,7.750000e+02,5.326000e-01
211,7.850000e+02,5.432000e-01
211,7.950000e+02,5.537000e-01
211,8.050000e+02,5.621000e-01
211,8.150000e+02,5.695000e-01
211,8.250000e+02,5.747000e-01
211,8.350000e+02,5.800000e-01
211,8.450000e+02,5.842000e-01
211,8.550000e+02,5.863000e-01
211,8.650000e+02,5.874000e-01
211,8.750000e+02,5.853000e-01
211,8.850000e+02,5.789000e-01
211,8.950000e+02,5.716000e-01
211,9.050000e+02,5.653000e-01
211,9.150000e+02,5.600000e-01
211,9.250000e+02,5.537000e-01
211,9.350000e+02,5.474000e-01
211,9.450000e+02,5.421000e-01
211,9.550000e+02,5.368000e-01
211,9.650000e+02,5.316000e-01
211,9.750000e+02,5.274000e-01
211,9.850000e+02,5.263000e-01
211,9.950000e+02,5.242000e-01
211,1.005000e+03,5.232000e-01
211,1.015000e+03,5.211000e-01
211,1.025000e+03,5.200000e-01
211,1.035000e+03,5.179000e-01
211,1.045000e+03,5.158000e-01
211,1.055000e+03,5.147000e-01
211,1.065000e+03,5.126000e-01
211,1.075000e+03,5.137000e-01
211,1.085000e+03,5.147000e-01
211,1.095000e+03,5.168000e-01
211,1.105000e+03,5.189000e-01
211,1.115000e+03,5.211000e-01
211,1.125000e+03,5.221000e-01
211,1.135000e+03,5.242000e-01
211,1.145000e+03,5.263000e-01
211,1.155000e+03,5.284000e-01
211,1.165000e+03,5.295000e-01
211,1.175000e+03,5.316000e-01
211,1.185000e+03,5.337000e-01
211,1.195000e+03,5.347000e-01
211,1.205000e+03,5.368000e-01
211,1.215000e+03,5.379000e-01
211,1.225000e+03,5.400000e-01
211,1.235000e+03,5.411000e-01
211,1.245000e+03,5.432000e-01
211,1.255000e+03,5.442000e-01
211,1.265000e+03,5.463000e-01
211,1.275000e+03,5.453000e-01
211,1.285000e+03,5.453000e-01
211,1.295000e+03,5.442000e-01
211,1.305000e+03,5.432000e-01
211,1.315000e+03,5.432000e-01
211,1.325000e+03,5.421000e-01
211,1.335000e+03,5.411000e-01
211,1.345000e+03,5.400000e-01
211,1.355000e+03,5.400000e-01
211,1.365000e+03,5.389000e-01
211,1.375000e+03,5.368000e-01
211,1.385000e+03,5.347000e-01
211,1.395000e+03,5.326000e-01
211,1.405000e+03,5.305000e-01
211,1.415000e+03,5.284000e-01
211,1.425000e+03,5.274000e-01
211,1.435000e+03,5.253000e-01
211,1.445000e+03,5.232000e-01
211,1.455000e+03,5.211000e-01
211,1.465000e+03,5.189000e-01
211,1.475000e+03,5.168000e-01
211,1.485000e+03,5.158000e-01
211,1.495000e+03,5.137000e-01
211,1.505000e+03,5.126000e-01
211,1.515000e+03,5.105000e-01
211,1.525000e+03,5.084000e-01
211,1.535000e+03,5.074000e-01
211,1.545000e+03,5.053000e-01
211,1.555000e+03,5.032000e-01
211,1.565000e+03,5.021000e-01
211,1.575000e+03,5.011000e-01
211,1.585000e+03,4.989000e-01
211,1.595000e+03,4.979000e-01
211,1.605000e+03,4.968000e-01
211,1.615000e+03,4.958000e-01
211,1.625000e+03,4.947000e-01
211,1.635000e+03,4.937000e-01
211,1.645000e+03,4.926000e-01
211,1.655000e+03,4.916000e-01
211,1.665000e+03,4.905000e-01
211,1.675000e+03,4.895000e-01
211,1.685000e+03,4.895000e-01
211,1.695000e+03,4.884000e-01
211,1.705000e+03,4.874000e-01
211,1.715000e+03,4.874000e-01
211,1.725000e+03,4.863000e-01
211,1.735000e+03,4.863000e-01
211,1.745000e+03,4.853000e-01
211,1.755000e+03,4.842000e-01
211,1.765000e+03,4.842000e-01
211,1.775000e+03,4.842000e-01
211,1.785000e+03,4.832000e-01
211,1.795000e+03,4.832000e-01
211,1.805000e+03,4.832000e-01
211,1.815000e+03,4.832000e-01
211,1.825000e+03,4.832000e-01
211,1.835000e+03,4.832000e-01
211,1.845000e+03,4.832000e-01
211,1.855000e+03,4.832000e-01
211,1.865000e+03,4.821000e-01
211,1.875000e+03,4.821000e-01
211,1.885000e+03,4.821000e-01
211,1.895000e+03,4.821000e-01
211,1.905000e+03,4.811000e-01
211,1.915000e+03,4.811000e-01
211,1.925000e+03,4.811000e-01
211,1.935000e+03,4.800000e-01
211,1.945000e+03,4.800000e-01
211,1.955000e+03,4.800000e-01
211,1.965000e+03,4.800000e-01
211,1.975000e+03,4.789000e-01
211,1.985000e+03,4.789000e-01
211,1.995000e+03,4.789000e-01
211,2.005000e+03,4.779000e-01
211,2.015000e+03,4.779000e-01
211,2.025000e+03,4.779000e-01
211,2.035000e+03,4.779000e-01
211,2.045000e+03,4.768000e-01
211,2.055000e+03,4.768000e-01
211,2.065000e+03,4.768000e-01
211,2.075000e+03,4.758000e-01
211,2.085000e+03,4.758000e-01
211,2.095000e+03,4.758000e-01
211,2.105000e+03,4.747000e-01
211,2.115000e+03,4.747000e-01
211,2.125000e+03,4.747000e-01
211,2.135000e+03,4.747000e-01
211,2.145000e+03,4.737000e-01
211,2.155000e+03,4.737000e-01
211,2.165000e+03,4.737000e-01
211,2.175000e+03,4.726000e-01
211,2.185000e+03,4.726000e-01
211,2.195000e+03,4.726000e-01
211,2.205000e+03,4.716000e-01
211,2.215000e+03,4.716000e-01
211,2.225000e+03,4.716000e-01
211,2.235000e+03,4.716000e-01
211,2.245000e+03,4.705000e-01
211,2.255000e+03,4.705000e-01
211,2.265000e+03,4.705000e-01
211,2.275000e+03,4.695000e-01
211,2.285000e+03,4.695000e-01
211,2.295000e+03,4.695000e-01
211,2.305000e+03,4.695000e-01
211,2.315000e+03,4.695000e-01
211,2.325000e+03,4.695000e-01
211,2.335000e+03,4.695000e-01
211,2.345000e+03,4.695000e-01
211,2.355000e+03,4.695000e-01
211,2.365000e+03,4.695000e-01
211,2.375000e+03,4.695000e-01
211,2.385000e+03,4.695000e-01
211,2.395000e+03,4.695000e-01
211,2.405000e+03,4.695000e-01
211,2.415000e+03,4.695000e-01
211,2.425000e+03,4.695000e-01
211,2.435000e+03,4.684000e-01
211,2.445000e+03,4.684000e-01
211,2.455000e+03,4.684000e-01
211,2.465000e+03,4.684000e-01
211,2.475000e+03,4.684000e-01
211,2.485000e+03,4.684000e-01
211,2.495000e+03,4.684000e-01
211,2.505000e+03,4.684000e-01
211,2.515000e+03,4.674000e-01
211,2.525000e+03,4.674000e-01
211,2.535000e+03,4.674000e-01
211,2.545000e+03,4.674000e-01
211,2.555000e+03,4.674000e-01
211,2.565000e+03,4.674000e-01
211,2.575000e+03,4.674000e-01
211,2.585000e+03,4.663000e-01
211,2.595000e+03,4.663000e-01
211,2.605000e+03,4.663000e-01
211,2.615000e+03,4.663000e-01
211,2.625000e+03,4.663000e-01
211,2.635000e+03,4.663000e-01
211,2.645000e+03,4.663000e-01
211,2.655000e+03,4.663000e-01
211,2.665000e+03,4.653000e-01
211,2.675000e+03,4.653000e-01
211,2.685000e+03,4.653000e-01
211,2.695000e+03,4.653000e-01
211,2.705000e+03,4.653000e-01
211,2.715000e+03,4.653000e-01
211,2.725000e+03,4.653000e-01
211,2.735000e+03,4.642000e-01
211,2.745000e+03,4.642000e-01
211,2.755000e+03,4.642000e-01
211,2.765000e+03,4.642000e-01
211,2.775000e+03,4.642000e-01
211,2.785000e+03,4.642000e-01
211,2.795000e+03,4.642000e-01
211,2.805000e+03,4.642000e-01
211,2.815000e+03,4.632000e-01
211,2.825000e+03,4.632000e-01
211,2.835000e+03,4.632000e-01
211,2.845000e+03,4.632000e-01
211,2.855000e+03,4.632000e-01
211,2.865000e+03,4.632000e-01
211,2.875000e+03,4.632000e-01
211,2.885000e+03,4.632000e-01
211,2.895000e+03,4.632000e-01
211,2.905000e+03,4.632000e-01
211,2.915000e+03,4.632000e-01
211,2.925000e+03,4.632000e-01
211,2.935000e+03,4.632000e-01
211,2.945000e+03,4.621000e-01
211,2.955000e+03,4.621000e-01
211,2.965000e+03,4.621000e-01
211,2.975000e+03,4.621000e-01
211,2.985000e+03,4.621000e-01
211,2.995000e+03,4.621000e-01
211,3.005000e+03,4.621000e-01
211,3.015000e+03,4.621000e-01
211,3.025000e+03,4.621000e-01
211,3.035000e+03,4.621000e-01
211,3.045000e+03,4.621000e-01
211,3.055000e+03,4.621000e-01
211,3.065000e+03,4.611000e-01
211,3.075000e+03,4.611000e-01
211,3.085000e+03,4.611000e-01
211,3.095000e+03,4.611000e-01
211,3.105000e+03,4.611000e-01
211,3.115000e+03,4.611000e-01
211,3.125000e+03,4.611000e-01
211,3.135000e+03,4.611000e-01
211,3.145000e+03,4.611000e-01
211,3.155000e+03,4.611000e-01
211,3.165000e+03,4.611000e-01
211,3.175000e+03,4.611000e-01
211,3.185000e+03,4.600000e-01
211,3.195000e+03,4.600000e-01
211,3.205000e+03,4.600000e-01
211,3.215000e+03,4.600000e-01
211,3.225000e+03,4.600000e-01
211,3.235000e+03,4.600000e-01
211,3.245000e+03,4.600000e-01
211,3.255000e+03,4.600000e-01
211,3.265000e+03,4.600000e-01
211,3.275000e+03,4.600000e-01
211,3.285000e+03,4.600000e-01
211,3.295000e+03,4.600000e-01
211,3.305000e+03,4.589000e-01
211,3.315000e+03,4.589000e-01
211,3.325000e+03,4.589000e-01
211,3.335000e+03,4.589000e-01
211,3.345000e+03,4.589000e-01
211,3.355000e+03,4.589000e-01
211,3.365000e+03,4.589000e-01
211,3.375000e+03,4.589000e-01
211,3.385000e+03,4.589000e-01
211,3.395000e+03,4.589000e-01
211,3.405000e+03,4.589000e-01
211,3.415000e+03,4.579000e-01
211,3.425000e+03,4.579000e-01
211,3.435000e+03,4.579000e-01
211,3.445000e+03,4.579000e-01
211,3.455000e+03,4.579000e-01
211,3.465000e+03,4.579000e-01
211,3.475000e+03,4.579000e-01
211,3.485000e+03,4.579000e-01
211,3.495000e+03,4.579000e-01
211,3.505000e+03,4.568000e-01
211,3.515000e+03,4.568000e-01
211,3.525000e+03,4.568000e-01
211,3.535000e+03,4.568000e-01
211,3.545000e+03,4.568000e-01
211,3.555000e+03,4.568000e-01
211,3.565000e+03,4.568000e-01
211,3.575000e+03,4.558000e-01
211,3.585000e+03,4.558000e-01
211,3.595000e+03,4.558000e-01
211,3.605000e+03,4.558000e-01
211,3.615000e+03,4.558000e-01
211,3.625000e+03,4.558000e-01
211,3.635000e+03,4.558000e-01
211,3.645000e+03,4.547000e-01
211,3.655000e+03,4.547000e-01
211,3.665000e+03,4.547000e-01
211,3.675000e+03,4.547000e-01
211,3.685000e+03,4.547000e-01
211,3.695000e+03,4.547000e-01
211,3.705000e+03,4.547000e-01
211,3.715000e+03,4.537000e-01
211,3.725000e+03,4.537000e-01
211,3.735000e+03,4.537000e-01
211,3.745000e+03,4.537000e-01
211,3.755000e+03,4.537000e-01
211,3.765000e+03,4.537000e-01
211,3.775000e+03,4.537000e-01
211,3.785000e+03,4.526000e-01
211,3.795000e+03,4.526000e-01
211,3.805000e+03,4.526000e-01
211,3.815000e+03,4.526000e-01
211,3.825000e+03,4.526000e-01
211,3.835000e+03,4.526000e-01
211,3.845000e+03,4.526000e-01
211,3.855000e+03,4.516000e-01
211,3.865000e+03,4.516000e-01
211,3.875000e+03,4.516000e-01
211,3.885000e+03,4.516000e-01
211,3.895000e+03,4.516000e-01
211,3.905000e+03,4.516000e-01
211,3.915000e+03,4.505000e-01
211,3.925000e+03,4.505000e-01
211,3.935000e+03,4.505000e-01
211,3.945000e+03,4.505000e-01
211,3.955000e+03,4.505000e-01
211,3.965000e+03,4.505000e-01
211,3.975000e+03,4.505000e-01
211,3.985000e+03,4.495000e-01
211,3.995000e+03,4.495000e-01
211,4.005000e+03,4.495000e-01
211,4.015000e+03,4.495000e-01
211,4.025000e+03,4.495000e-01
211,4.035000e+03,4.495000e-01
211,4.045000e+03,4.495000e-01
211,4.055000e+03,4.484000e-01
211,4.065000e+03,4.484000e-01
211,4.075000e+03,4.484000e-01
211,4.085000e+03,4.484000e-01
211,4.095000e+03,4.484000e-01
211,4.105000e+03,4.484000e-01
211,4.115000e+03,4.484000e-01
211,4.125000e+03,4.474000e-01
211,4.135000e+03,4.474000e-01
211,4.145000e+03,4.474000e-01
211,4.155000e+03,4.474000e-01
211,4.165000e+03,4.474000e-01
211,4.175000e+03,4.474000e-01
211,4.185000e+03,4.474000e-01
211,4.195000e+03,4.463000e-01
211,4.205000e+03,4.463000e-01
211,4.215000e+03,4.463000e-01
211,4.225000e+03,4.463000e-01
211,4.235000e+03,4.463000e-01
211,4.245000e+03,4.463000e-01
211,4.255000e+03,4.463000e-01
211,4.265000e+03,4.453000e-01
211,4.275000e+03,4.453000e-01
211,4.285000e+03,4.453000e-01
211,4.295000e+03,4.453000e-01
211,4.305000e+03,4.453000e-01
211,4.315000e+03,4.453000e-01
211,4.325000e+03,4.453000e-01
211,4.335000e+03,4.442000e-01
211,4.345000e+03,4.442000e-01
211,4.355000e+03,4.442000e-01
211,4.365000e+03,4.442000e-01
211,4.375000e+03,4.442000e-01
211,4.385000e+03,4.442000e-01
211,4.395000e+03,4.442000e-01
211,4.405000e+03,4.432000e-01
211,4.415000e+03,4.432000e-01
211,4.425000e+03,4.432000e-01
211,4.435000e+03,4.432000e-01
211,4.445000e+03,4.432000e-01
211,4.455000e+03,4.432000e-01
211,4.465000e+03,4.432000e-01
211,4.475000e+03,4.421000e-01
211,4.485000e+03,4.421000e-01
211,4.495000e+03,4.421000e-01
211,4.505000e+03,4.421000e-01
211,4.515000e+03,4.421000e-01
211,4.525000e+03,4.421000e-01
211,4.535000e+03,4.421000e-01
211,4.545000e+03,4.411000e-01
211,4.555000e+03,4.411000e-01
211,4.565000e+03,4.411000e-01
211,4.575000e+03,4.411000e-01
211,4.585000e+03,4.411000e-01
211,4.595000e+03,4.411000e-01
211,4.605000e+03,4.411000e-01
211,4.615000e+03,4.400000e-01
211,4.625000e+03,4.400000e-01
211,4.635000e+03,4.400000e-01
211,4.645000e+03,4.400000e-01
211,4.655000e+03,4.400000e-01
211,4.665000e+03,4.400000e-01
211,4.675000e+03,4.400000e-01
211,4.685000e+03,4.389000e-01
211,4.695000e+03,4.389000e-01
211,4.705000e+03,4.389000e-01
211,4.715000e+03,4.389000e-01
211,4.725000e+03,4.389000e-01
211,4.735000e+03,4.389000e-01
211,4.745000e+03,4.389000e-01
211,4.755000e+03,4.379000e-01
211,4.765000e+03,4.379000e-01
211,4.775000e+03,4.379000e-01
211,4.785000e+03,4.379000e-01
211,4.795000e+03,4.379000e-01
211,4.805000e+03,4.379000e-01
211,4.815000e+03,4.379000e-01
211,4.825000e+03,4.368000e-01
211,4.835000e+03,4.368000e-01
211,4.845000e+03,4.368000e-01
211,4.855000e+03,4.368000e-01
211,4.865000e+03,4.368000e-01
211,4.875000e+03,4.368000e-01
211,4.885000e+03,4.368000e-01
211,4.895000e+03,4.358000e-01
211,4.905000e+03,4.358000e-01
211,4.915000e+03,4.358000e-01
211,4.925000e+03,4.358000e-01
211,4.935000e+03,4.358000e-01
211,4.945000e+03,4.358000e-01
211,4.955000e+03,4.358000e-01
211,4.965000e+03,4.358000e-01
211,4.975000e+03,4.347000e-01
211,4.985000e+03,4.347000e-01
211,4.995000e+03,4.347000e-01
211,5.005000e+03,4.347000e-01
211,5.015000e+03,4.347000e-01
211,5.025000e+03,4.347000e-01
211,5.035000e+03,4.347000e-01
211,5.045000e+03,4.347000e-01
211,5.055000e+03,4.337000e-01
211,5.065000e+03,4.337000e-01
211,5.075000e+03,4.337000e-01
211,5.085000e+03,4.337000e-01
211,5.095000e+03,4.337000e-01
211,5.105000e+03,4.337000e-01
211,5.115000e+03,4.337000e-01
211,5.125000e+03,4.337000e-01
211,5.135000e+03,4.326000e-01
211,5.145000e+03,4.326000e-01
211,5.155000e+03,4.326000e-01
211,5.165000e+03,4.326000e-01
211,5.175000e+03,4.326000e-01
211,5.185000e+03,4.326000e-01
211,5.195000e+03,4.326000e-01
211,5.205000e+03,4.316000e-01
211,5.215000e+03,4.316000e-01
211,5.225000e+03,4.316000e-01
211,5.235000e+03,4.316000e-01
211,5.245000e+03,4.316000e-01
211,5.255000e+03,4.316000e-01
211,5.265000e+03,4.316000e-01
211,5.275000e+03,4.316000e-01
211,5.285000e+03,4.305000e-01
211,5.295000e+03,4.305000e-01
211,5.305000e+03,4.305000e-01
211,5.315000e+03,4.305000e-01
211,5.325000e+03,4.305000e-01
211,5.335000e+03,4.305000e-01
211,5.345000e+03,4.305000e-01
211,5.355000e+03,4.305000e-01
211,5.365000e+03,4.295000e-01
211,5.375000e+03,4.295000e-01
211,5.385000e+03,4.295000e-01
211,5.395000e+03,4.295000e-01
211,5.405000e+03,4.295000e-01
211,5.415000e+03,4.295000e-01
211,5.425000e+03,4.295000e-01
211,5.435000e+03,4.295000e-01
211,5.445000e+03,4.284000e-01
211,5.455000e+03,4.284000e-01
211,5.465000e+03,4.284000e-01
211,5.475000e+03,4.284000e-01
211,5.485000e+03,4.284000e-01
211,5.495000e+03,4.284000e-01
211,5.505000e+03,4.284000e-01
211,5.515000e+03,4.284000e-01
211,5.525000e+03,4.274000e-01
211,5.535000e+03,4.274000e-01
211,5.545000e+03,4.274000e-01
211,5.555000e+03,4.274000e-01
211,5.565000e+03,4.274000e-01
211,5.575000e+03,4.274000e-01
211,5.585000e+03,4.274000e-01
211,5.595000e+03,4.274000e-01
211,5.605000e+03,4.263000e-01
211,5.615000e+03,4.263000e-01
211,5.625000e+03,4.263000e-01
211,5.635000e+03,4.263000e-01
211,5.645000e+03,4.263000e-01
211,5.655000e+03,4.263000e-01
211,5.665000e+03,4.263000e-01
211,5.675000e+03,4.253000e-01
211,5.685000e+03,4.253000e-01
211,5.695000e+03,4.253000e-01
211,5.705000e+03,4.253000e-01
211,5.715000e+03,4.253000e-01
211,5.725000e+03,4.253000e-01
211,5.735000e+03,4.253000e-01
211,5.745000e+03,4.242000e-01
211,5.755000e+03,4.242000e-01
211,5.765000e+03,4.242000e-01
211,5.775000e+03,4.242000e-01
211,5.785000e+03,4.242000e-01
211,5.795000e+03,4.242000e-01
211,5.805000e+03,4.242000e-01
211,5.815000e+03,4.232000e-01
211,5.825000e+03,4.232000e-01
211,5.835000e+03,4.232000e-01
211,5.845000e+03,4.232000e-01
211,5.855000e+03,4.232000e-01
211,5.865000e+03,4.232000e-01
211,5.875000e+03,4.232000e-01
211,5.885000e+03,4.221000e-01
211,5.895000e+03,4.221000e-01
211,5.905000e+03,4.221000e-01
211,5.915000e+03,4.221000e-01
211,5.925000e+03,4.221000e-01
211,5.935000e+03,4.221000e-01
211,5.945000e+03,4.221000e-01
211,5.955000e+03,4.211000e-01
211,5.965000e+03,4.211000e-01
211,5.975000e+03,4.211000e-01
211,5.985000e+03,4.211000e-01
211,5.995000e+03,4.211000e-01
211,6.005000e+03,4.211000e-01
211,6.015000e+03,4.211000e-01
211,6.025000e+03,4.211000e-01
211,6.035000e+03,4.200000e-01
211,6.045000e+03,4.200000e-01
211,6.055000e+03,4.200000e-01
211,6.065000e+03,4.200000e-01
211,6.075000e+03,4.200000e-01
211,6.085000e+03,4.200000e-01
211,6.095000e+03,4.200000e-01
211,6.105000e+03,4.189000e-01
211,6.115000e+03,4.189000e-01
211,6.125000e+03,4.189000e-01
211,6.135000e+03,4.189000e-01
211,6.145000e+03,4.189000e-01
211,6.155000e+03,4.189000e-01
211,6.165000e+03,4.189000e-01
211,6.175000e+03,4.179000e-01
211,6.185000e+03,4.179000e-01
211,6.195000e+03,4.179000e-01
211,6.205000e+03,4.179000e-01
211,6.215000e+03,4.179000e-01
211,6.225000e+03,4.179000e-01
211,6.235000e+03,4.179000e-01
211,6.245000e+03,4.168000e-01
211,6.255000e+03,4.168000e-01
211,6.265000e+03,4.168000e-01
211,6.275000e+03,4.168000e-01
211,6.285000e+03,4.168000e-01
211,6.295000e+03,4.168000e-01
211,6.305000e+03,4.168000e-01
211,6.315000e+03,4.168000e-01
211,6.325000e+03,4.158000e-01
211,6.335000e+03,4.158000e-01
211,6.345000e+03,4.158000e-01
211,6.355000e+03,4.158000e-01
211,6.365000e+03,4.158000e-01
211,6.375000e+03,4.158000e-01
211,6.385000e+03,4.158000e-01
211,6.395000e+03,4.147000e-01
211,6.405000e+03,4.147000e-01
211,6.415000e+03,4.147000e-01
211,6.425000e+03,4.147000e-01
211,6.435000e+03,4.147000e-01
211,6.445000e+03,4.147000e-01
211,6.455000e+03,4.147000e-01
211,6.465000e+03,4.137000e-01
211,6.475000e+03,4.137000e-01
211,6.485000e+03,4.137000e-01
211,6.495000e+03,4.137000e-01
211,6.505000e+03,4.137000e-01
211,6.515000e+03,4.137000e-01
211,6.525000e+03,4.137000e-01
211,6.535000e+03,4.137000e-01
211,6.545000e+03,4.126000e-01
211,6.555000e+03,4.126000e-01
211,6.565000e+03,4.126000e-01
211,6.575000e+03,4.126000e-01
211,6.585000e+03,4.126000e-01
211,6.595000e+03,4.126000e-01
211,6.605000e+03,4.126000e-01
211,6.615000e+03,4.116000e-01
211,6.625000e+03,4.116000e-01
211,6.635000e+03,4.116000e-01
211,6.645000e+03,4.116000e-01
211,6.655000e+03,4.116000e-01
211,6.665000e+03,4.116000e-01
211,6.675000e+03,4.116000e-01
211,6.685000e+03,4.105000e-01
211,6.695000e+03,4.105000e-01
211,6.705000e+03,4.105000e-01
211,6.715000e+03,4.105000e-01
211,6.725000e+03,4.105000e-01
211,6.735000e+03,4.105000e-01
211,6.745000e+03,4.105000e-01
211,6.755000e+03,4.105000e-01
211,6.765000e+03,4.095000e-01
211,6.775000e+03,4.095000e-01
211,6.785000e+03,4.095000e-01
211,6.795000e+03,4.095000e-01
211,6.805000e+03,4.095000e-01
211,6.815000e+03,4.095000e-01
211,6.825000e+03,4.095000e-01
211,6.835000e+03,4.084000e-01
211,6.845000e+03,4.084000e-01
211,6.855000e+03,4.084000e-01
211,6.865000e+03,4.084000e-01
211,6.875000e+03,4.084000e-01
211,6.885000e+03,4.084000e-01
211,6.895000e+03,4.084000e-01
211,6.905000e+03,4.084000e-01
211,6.915000e+03,4.074000e-01
211,6.925000e+03,4.074000e-01
211,6.935000e+03,4.074000e-01
211,6.945000e+03,4.074000e-01
211,6.955000e+03,4.074000e-01
211,6.965000e+03,4.074000e-01
211,6.975000e+03,4.074000e-01
211,6.985000e+03,4.063000e-01
211,6.995000e+03,4.063000e-01
211,7.005000e+03,4.063000e-01
211,7.015000e+03,4.063000e-01
211,7.025000e+03,4.063000e-01
211,7.035000e+03,4.063000e-01
211,7.045000e+03,4.063000e-01
211,7.055000e+03,4.063000e-01
211,7.065000e+03,4.053000e-01
211,7.075000e+03,4.053000e-01
211,7.085000e+03,4.053000e-01
211,7.095000e+03,4.053000e-01
211,7.105000e+03,4.053000e-01
211,7.115000e+03,4.053000e-01
211,7.125000e+03,4.053000e-01
211,7.135000e+03,4.042000e-01
211,7.145000e+03,4.042000e-01
211,7.155000e+03,4.042000e-01
211,7.165000e+03,4.042000e-01
211,7.175000e+03,4.042000e-01
211,7.185000e+03,4.042000e-01
211,7.195000e+03,4.042000e-01
211,7.205000e+03,4.042000e-01
211,7.215000e+03,4.032000e-01
211,7.225000e+03,4.032000e-01
211,7.235000e+03,4.032000e-01
211,7.245000e+03,4.032000e-01
211,7.255000e+03,4.032000e-01
211,7.265000e+03,4.032000e-01
211,7.275000e+03,4.032000e-01
211,7.285000e+03,4.021000e-01
211,7.295000e+03,4.021000e-01
211,7.305000e+03,4.021000e-01
211,7.315000e+03,4.021000e-01
211,7.325000e+03,4.021000e-01
211,7.335000e+03,4.021000e-01
211,7.345000e+03,4.021000e-01
211,7.355000e+03,4.021000e-01
211,7.365000e+03,4.011000e-01
211,7.375000e+03,4.011000e-01
211,7.385000e+03,4.011000e-01
211,7.395000e+03,4.011000e-01
211,7.405000e+03,4.011000e-01
211,7.415000e+03,4.011000e-01
211,7.425000e+03,4.011000e-01
211,7.435000e+03,4.000000e-01
211,7.445000e+03,4.000000e-01
211,7.455000e+03,4.000000e-01
211,7.465000e+03,4.000000e-01
211,7.475000e+03,4.000000e-01
211,7.485000e+03,4.000000e-01
211,7.495000e+03,4.000000e-01
211,7.505000e+03,4.000000e-01
211,7.515000e+03,3.989000e-01
211,7.525000e+03,3.989000e-01
211,7.535000e+03,3.989000e-01
211,7.545000e+03,3.989000e-01
211,7.555000e+03,3.989000e-01
211,7.565000e+03,3.989000e-01
211,7.575000e+03,3.989000e-01
211,7.585000e+03,3.979000e-01
211,7.595000e+03,3.979000e-01
211,7.605000e+03,3.979000e-01
211,7.615000e+03,3.979000e-01
211,7.625000e+03,3.979000e-01
211,7.635000e+03,3.979000e-01
211,7.645000e+03,3.979000e-01
211,7.655000e+03,3.979000e-01
211,7.665000e+03,3.968000e-01
211,7.675000e+03,3.968000e-01
211,7.685000e+03,3.968000e-01
211,7.695000e+03,3.968000e-01
211,7.705000e+03,3.968000e-01
211,7.715000e+03,3.968000e-01
211,7.725000e+03,3.968000e-01
211,7.735000e+03,3.968000e-01
211,7.745000e+03,3.958000e-01
211,7.755000e+03,3.958000e-01
211,7.765000e+03,3.958000e-01
211,7.775000e+03,3.958000e-01
211,7.785000e+03,3.958000e-01
211,7.795000e+03,3.958000e-01
211,7.805000e+03,3.958000e-01
211,7.815000e+03,3.947000e-01
211,7.825000e+03,3.947000e-01
211,7.835000e+03,3.947000e-01
211,7.845000e+03,3.947000e-01
211,7.855000e+03,3.947000e-01
211,7.865000e+03,3.947000e-01
211,7.875000e+03,3.947000e-01
211,7.885000e+03,3.947000e-01
211,7.895000e+03,3.937000e-01
211,7.905000e+03,3.937000e-01
211,7.915000e+03,3.937000e-01
211,7.925000e+03,3.937000e-01
211,7.935000e+03,3.937000e-01
211,7.945000e+03,3.937000e-01
211,7.955000e+03,3.937000e-01
211,7.965000e+03,3.937000e-01
211,7.975000e+03,3.926000e-01
211,7.985000e+03,3.926000e-01
211,7.995000e+03,3.926000e-01
211,8.005000e+03,3.926000e-01
211,8.015000e+03,3.926000e-01
211,8.025000e+03,3.926000e-01
211,8.035000e+03,3.926000e-01
211,8.045000e+03,3.926000e-01
211,8.055000e+03,3.916000e-01
211,8.065000e+03,3.916000e-01
211,8.075000e+03,3.916000e-01
211,8.085000e+03,3.916000e-01
211,8.095000e+03,3.916000e-01
211,8.105000e+03,3.916000e-01
211,8.115000e+03,3.916000e-01
211,8.125000e+03,3.905000e-01
211,8.135000e+03,3.905000e-01
211,8.145000e+03,3.905000e-01
211,8.155000e+03,3.905000e-01
211,8.165000e+03,3.905000e-01
211,8.175000e+03,3.905000e-01
211,8.185000e+03,3.905000e-01
211,8.195000e+03,3.905000e-01
211,8.205000e+03,3.895000e-01
211,8.215000e+03,3.895000e-01
211,8.225000e+03,3.895000e-01
211,8.235000e+03,3.895000e-01
211,8.245000e+03,3.895000e-01
211,8.255000e+03,3.895000e-01
211,8.265000e+03,3.895000e-01
211,8.275000e+03,3.895000e-01
211,8.285000e+03,3.884000e-01
211,8.295000e+03,3.884000e-01
211,8.305000e+03,3.884000e-01
211,8.315000e+03,3.884000e-01
211,8.325000e+03,3.884000e-01
211,8.335000e+03,3.884000e-01
211,8.345000e+03,3.884000e-01
211,8.355000e+03,3.884000e-01
211,8.365000e+03,3.874000e-01
211,8.375000e+03,3.874000e-01
211,8.385000e+03,3.874000e-01
211,8.395000e+03,3.874000e-01
211,8.405000e+03,3.874000e-01
211,8.415000e+03,3.874000e-01
211,8.425000e+03,3.874000e-01
211,8.435000e+03,3.874000e-01
211,8.445000e+03,3.863000e-01
211,8.455000e+03,3.863000e-01
211,8.465000e+03,3.863000e-01
211,8.475000e+03,3.863000e-01
211,8.485000e+03,3.863000e-01
211,8.495000e+03,3.863000e-01
211,8.505000e+03,3.863000e-01
211,8.515000e+03,3.863000e-01
211,8.525000e+03,3.853000e-01
211,8.535000e+03,3.853000e-01
211,8.545000e+03,3.853000e-01
211,8.555000e+03,3.853000e-01
211,8.565000e+03,3.853000e-01
211,8.575000e+03,3.853000e-01
211,8.585000e+03,3.853000e-01
211,8.595000e+03,3.853000e-01
211,8.605000e+03,3.842000e-01
211,8.615000e+03,3.842000e-01
211,8.625000e+03,3.842000e-01
211,8.635000e+03,3.842000e-01
211,8.645000e+03,3.842000e-01
211,8.655000e+03,3.842000e-01
211,8.665000e+03,3.842000e-01
211,8.675000e+03,3.832000e-01
211,8.685000e+03,3.832000e-01
211,8.695000e+03,3.832000e-01
211,8.705000e+03,3.832000e-01
211,8.715000e+03,3.832000e-01
211,8.725000e+03,3.832000e-01
211,8.735000e+03,3.832000e-01
211,8.745000e+03,3.832000e-01
211,8.755000e+03,3.821000e-01
211,8.765000e+03,3.821000e-01
211,8.775000e+03,3.821000e-01
211,8.785000e+03,3.821000e-01
211,8.795000e+03,3.821000e-01
211,8.805000e+03,3.821000e-01
211,8.815000e+03,3.821000e-01
211,8.825000e+03,3.821000e-01
211,8.835000e+03,3.811000e-01
211,8.845000e+03,3.811000e-01
211,8.855000e+03,3.811000e-01
211,8.865000e+03,3.811000e-01
211,8.875000e+03,3.811000e-01
211,8.885000e+03,3.811000e-01
211,8.895000e+03,3.811000e-01
211,8.905000e+03,3.811000e-01
211,8.915000e+03,3.800000e-01
211,8.925000e+03,3.800000e-01
211,8.935000e+03,3.800000e-01
211,8.945000e+03,3.800000e-01
211,8.955000e+03,3.800000e-01
211,8.965000e+03,3.800000e-01
211,8.975000e+03,3.800000e-01
211,8.985000e+03,3.800000e-01
211,8.995000e+03,3.789000e-01
211,9.005000e+03,3.789000e-01
